Gonzales Wolvey,gwolvey0,gwolvey0@harvard.edu,Vietnamese,Mechanical Systems Engineer,1/24/2008,Jabbersphere
Janek Wellstead,jwellstead1,jwellstead1@accuweather.com,Venezuelan,Social Worker,7/25/2000,Einti
Gavra Sneyd,gsneyd2,gsneyd2@msu.edu,Cheyenne,Editor,4/18/2010,Browsezoom
Constantina Doge,cdoge3,cdoge3@odnoklassniki.ru,Lumbee,Staff Accountant III,5/30/2001,Realpoint
Auroora Lumsdon,alumsdon4,alumsdon4@craigslist.org,Alaskan Athabascan,Structural Engineer,4/11/2010,Jaxspan
Archy Maplesden,amaplesden5,amaplesden5@yahoo.com,Cherokee,Cost Accountant,4/14/2016,Yakidoo
Matilda Ploughwright,mploughwright6,mploughwright6@cisco.com,Houma,Electrical Engineer,6/20/2007,Riffpath
Rick Stollen,rstollen7,rstollen7@privacy.gov.au,Blackfeet,Programmer Analyst III,6/10/2017,Eadel
Celine Bouskill,cbouskill8,cbouskill8@domainmarket.com,Thai,Tax Accountant,8/25/2015,Demizz
Meridel Glisenan,mglisenan9,mglisenan9@nhs.uk,Potawatomi,Environmental Specialist,4/2/2001,Eabox
Laurie McGeady,lmcgeadya,lmcgeadya@paypal.com,White,Software Engineer II,6/5/2013,Voonder
Elmo Esbrook,eesbrookb,eesbrookb@washington.edu,Guatemalan,Structural Engineer,2/6/2007,Brightdog
Benny Hanhardt,bhanhardtc,bhanhardtc@msu.edu,Bolivian,Geologist III,11/2/2018,Yambee
Clerc McReath,cmcreathd,cmcreathd@pen.io,Vietnamese,Cost Accountant,4/7/2016,Nlounge
Patrica Trasler,ptraslere,ptraslere@redcross.org,Thai,Safety Technician IV,11/1/2016,Minyx
Debera Reggio,dreggiof,dreggiof@vimeo.com,Salvadoran,Geological Engineer,11/21/2019,Skyble
Rosella Sprowell,rsprowellg,rsprowellg@google.cn,Hmong,Cost Accountant,9/13/2015,Blogpad
Clair Dunridge,cdunridgeh,cdunridgeh@ow.ly,American Indian and Alaska Native (AIAN),Geological Engineer,12/10/2011,Bubblemix
Ferris Sleath,fsleathi,fsleathi@msn.com,Pima,Environmental Specialist,2/25/2016,Zoombeat
Miriam Annies,manniesj,manniesj@ebay.com,Spaniard,Business Systems Development Analyst,10/26/2018,Devpulse
Wes Message,wmessagek,wmessagek@guardian.co.uk,Blackfeet,Nurse Practicioner,7/24/2017,Minyx
Mathe Calveley,mcalveleyl,mcalveleyl@1688.com,Puget Sound Salish,Product Engineer,6/28/2012,Skippad
Ange Petrillo,apetrillom,apetrillom@acquirethisname.com,Colville,Nurse,1/6/2006,Oyoyo
Lanae Dickerline,ldickerlinen,ldickerlinen@cmu.edu,Latin American Indian,Pharmacist,3/22/2004,Shuffletag
Gloriane Stigers,gstigerso,gstigerso@imdb.com,Polynesian,Clinical Specialist,3/27/2004,Jabbersphere
Dulcy Ginty,dgintyp,dgintyp@drupal.org,Asian,Recruiter,2/5/2000,Einti
Lyndsie McNaught,lmcnaughtq,lmcnaughtq@oakley.com,Comanche,Software Test Engineer II,7/10/2002,Browsezoom
Wallie Fayerbrother,wfayerbrotherr,wfayerbrotherr@storify.com,Cuban,Engineer III,1/2/2008,Realpoint
Roscoe Tohill,rtohills,rtohills@wikimedia.org,American Indian and Alaska Native (AIAN),Help Desk Technician,10/10/2014,Jaxspan
Vinny Speerman,vspeermant,vspeermant@intel.com,American Indian and Alaska Native (AIAN),Actuary,1/11/2000,Yakidoo
Marlena Miquelet,mmiqueletu,mmiqueletu@ovh.net,Lumbee,Geologist II,4/3/2010,Riffpath
Lettie Crickett,lcrickettv,lcrickettv@prnewswire.com,Navajo,VP Sales,11/6/2017,Eadel
Rowney Rivelin,rrivelinw,rrivelinw@prweb.com,Chilean,Senior Financial Analyst,4/2/2008,Demizz
Merry Whittier,mwhittierx,mwhittierx@opera.com,Thai,Sales Associate,10/23/2000,Eabox
Aldon Kaming,akamingy,akamingy@columbia.edu,Kiowa,Tax Accountant,2/4/2002,Voonder
Germaine Vannuccini,gvannucciniz,gvannucciniz@nature.com,Filipino,Assistant Media Planner,7/17/2006,Brightdog
Alyse Tutsell,atutsell10,atutsell10@csmonitor.com,Hmong,Assistant Professor,5/16/2018,Yambee
Mead Broomfield,mbroomfield11,mbroomfield11@slashdot.org,Ecuadorian,Compensation Analyst,12/7/2017,Nlounge
Pet Dimitrie,pdimitrie12,pdimitrie12@abc.net.au,Uruguayan,Food Chemist,3/26/2014,Minyx
Rollo Elverston,relverston13,relverston13@devhub.com,Malaysian,Paralegal,2/12/2010,Skyble
Hoebart Friedman,hfriedman14,hfriedman14@xing.com,Dominican (Dominican Republic),Help Desk Operator,10/5/2000,Blogpad
Germain Espadate,gespadate15,gespadate15@oaic.gov.au,South American,Human Resources Manager,4/2/2012,Bubblemix
Sayer Sandeland,ssandeland16,ssandeland16@ebay.com,White,Electrical Engineer,10/16/2005,Zoombeat
Waneta Cianni,wcianni17,wcianni17@hexun.com,Korean,Marketing Manager,3/11/2019,Devpulse
Burk Nehlsen,bnehlsen18,bnehlsen18@illinois.edu,Guamanian,Food Chemist,4/11/2013,Minyx
Hart Barkas,hbarkas19,hbarkas19@ibm.com,Hmong,Data Coordiator,3/5/2003,Skippad
Thedric Wanklyn,twanklyn1a,twanklyn1a@cloudflare.com,Alaska Native,Design Engineer,12/8/2006,Oyoyo
Evelyn McGonnell,emcgonnell1b,emcgonnell1b@jimdo.com,Choctaw,Account Coordinator,11/16/2015,Shuffletag
Talya Pietasch,tpietasch1c,tpietasch1c@vkontakte.ru,Dominican (Dominican Republic),Data Coordiator,2/23/2009,Jabbersphere
Amalle Blevin,ablevin1d,ablevin1d@hp.com,Native Hawaiian and Other Pacific Islander (NHPI),Senior Editor,10/29/2009,Einti
Grant Holgan,gholgan1e,gholgan1e@spotify.com,Yuman,Geologist I,9/14/2013,Browsezoom
Clari Fawdrie,cfawdrie1f,cfawdrie1f@pinterest.com,Alaska Native,Project Manager,5/11/2019,Realpoint
Llewellyn Marchello,lmarchello1g,lmarchello1g@dmoz.org,American Indian,Professor,10/10/2008,Jaxspan
Iain Puttick,iputtick1h,iputtick1h@vk.com,Uruguayan,Media Manager III,4/21/2009,Yakidoo
Hillary Blowers,hblowers1i,hblowers1i@alibaba.com,Vietnamese,Occupational Therapist,8/9/2002,Riffpath
Teddi Drillingcourt,tdrillingcourt1j,tdrillingcourt1j@nasa.gov,Puerto Rican,Web Designer II,12/22/2012,Eadel
Ortensia Maurice,omaurice1k,omaurice1k@imdb.com,American Indian and Alaska Native (AIAN),Software Test Engineer I,8/13/2013,Demizz
Aretha Piele,apiele1l,apiele1l@aboutads.info,Ute,Automation Specialist III,7/17/2001,Eabox
Corinna Busch,cbusch1m,cbusch1m@msn.com,Micronesian,Analyst Programmer,6/28/2018,Voonder
Thain Longcake,tlongcake1n,tlongcake1n@furl.net,Colombian,Safety Technician II,9/14/2002,Brightdog
Tabby Guillerman,tguillerman1o,tguillerman1o@tumblr.com,Ecuadorian,Librarian,6/21/2017,Yambee
Crin Clogg,cclogg1p,cclogg1p@china.com.cn,American Indian and Alaska Native (AIAN),Internal Auditor,1/5/2018,Nlounge
Birch Crisford,bcrisford1q,bcrisford1q@loc.gov,Puget Sound Salish,Community Outreach Specialist,12/4/2012,Minyx
Francesco Kidby,fkidby1r,fkidby1r@apache.org,Blackfeet,Executive Secretary,7/14/2017,Skyble
Verina Tofano,vtofano1s,vtofano1s@jimdo.com,White,Internal Auditor,8/14/2017,Blogpad
Lilli Stenner,lstenner1t,lstenner1t@netscape.com,White,Programmer II,1/7/2018,Bubblemix
Nesta Wegenen,nwegenen1u,nwegenen1u@creativecommons.org,Osage,Recruiting Manager,2/2/2014,Zoombeat
Zeke Claasen,zclaasen1v,zclaasen1v@hao123.com,Paiute,Financial Analyst,1/14/2017,Devpulse
Jared O'Heagertie,joheagertie1w,joheagertie1w@marketwatch.com,South American,Marketing Assistant,4/21/2009,Minyx
Talya Shrimplin,tshrimplin1x,tshrimplin1x@ucla.edu,Vietnamese,Professor,6/15/2009,Skippad
Greg Leser,gleser1y,gleser1y@ustream.tv,Micronesian,Programmer II,1/30/2008,Oyoyo
Hazel Kennerknecht,hkennerknecht1z,hkennerknecht1z@usa.gov,Choctaw,Food Chemist,11/29/2002,Shuffletag
Putnem Gilmour,pgilmour20,pgilmour20@telegraph.co.uk,Tongan,Analyst Programmer,2/22/2005,Jabbersphere
Carolynn Whitmarsh,cwhitmarsh21,cwhitmarsh21@fda.gov,Puget Sound Salish,Research Assistant III,5/8/2006,Einti
Moishe Cornewall,mcornewall22,mcornewall22@list-manage.com,Choctaw,Web Developer III,7/24/2008,Browsezoom
Leslie Icke,licke23,licke23@so-net.ne.jp,Seminole,Speech Pathologist,12/4/2003,Realpoint
Shaylah Stretton,sstretton24,sstretton24@forbes.com,Fijian,GIS Technical Architect,10/29/2000,Jaxspan
Baxy Tremblay,btremblay25,btremblay25@unesco.org,Spaniard,Pharmacist,9/28/2003,Yakidoo
Mada Charte,mcharte26,mcharte26@1und1.de,Korean,Research Associate,9/6/2018,Riffpath
Kellsie Venturoli,kventuroli27,kventuroli27@blog.com,Samoan,Internal Auditor,5/29/2004,Eadel
Alex Wathan,awathan28,awathan28@ehow.com,Vietnamese,Chief Design Engineer,12/21/2008,Demizz
Laughton Woolham,lwoolham29,lwoolham29@stanford.edu,Ecuadorian,Computer Systems Analyst I,11/12/2015,Eabox
Tiertza Kilgallen,tkilgallen2a,tkilgallen2a@slashdot.org,Spaniard,Accountant I,3/14/2019,Voonder
Sebastien Shorey,sshorey2b,sshorey2b@skype.com,Houma,Product Engineer,7/8/2011,Brightdog
Brannon Dicky,bdicky2c,bdicky2c@usa.gov,Peruvian,Senior Financial Analyst,3/26/2017,Yambee
Vivienne Olney,volney2d,volney2d@mapy.cz,Peruvian,Environmental Tech,3/18/2005,Nlounge
Stephan Sievewright,ssievewright2e,ssievewright2e@desdev.cn,Chickasaw,Senior Cost Accountant,6/23/2011,Minyx
Tandy Cusack,tcusack2f,tcusack2f@ftc.gov,Shoshone,Compensation Analyst,1/12/2005,Skyble
Wini Scottesmoor,wscottesmoor2g,wscottesmoor2g@typepad.com,Hmong,Librarian,1/4/2011,Blogpad
Jacintha Pogue,jpogue2h,jpogue2h@quantcast.com,Central American,Nuclear Power Engineer,6/24/2014,Bubblemix
Alasteir Tremain,atremain2i,atremain2i@about.com,Eskimo,Sales Representative,1/28/2017,Zoombeat
Hyacinthia Chitty,hchitty2j,hchitty2j@ustream.tv,Paiute,Help Desk Operator,4/3/2019,Devpulse
Marrilee Matejka,mmatejka2k,mmatejka2k@irs.gov,Cambodian,Nurse Practicioner,12/21/2017,Minyx
Skipton Hardaway,shardaway2l,shardaway2l@hatena.ne.jp,Venezuelan,Statistician II,11/10/2011,Skippad
Amata Jurs,ajurs2m,ajurs2m@vistaprint.com,Vietnamese,Marketing Assistant,10/9/2000,Oyoyo
Humfried Neave,hneave2n,hneave2n@feedburner.com,Ottawa,Actuary,5/26/2003,Shuffletag
Ingra Munns,imunns2o,imunns2o@shinystat.com,Bolivian,Nurse Practicioner,11/29/2008,Jabbersphere
Neill Ackland,nackland2p,nackland2p@nationalgeographic.com,Pakistani,Clinical Specialist,7/23/2014,Einti
Nicol Antoniat,nantoniat2q,nantoniat2q@shop-pro.jp,Apache,Paralegal,11/23/2004,Browsezoom
Dalt Spybey,dspybey2r,dspybey2r@weather.com,Paraguayan,Recruiting Manager,12/6/2000,Realpoint
Becki Tidd,btidd2s,btidd2s@chicagotribune.com,Chippewa,VP Quality Control,9/12/2016,Jaxspan
Hertha Duckham,hduckham2t,hduckham2t@technorati.com,Mexican,Librarian,8/1/2007,Yakidoo
Hermine Bowker,hbowker2u,hbowker2u@spotify.com,Hmong,Analog Circuit Design manager,11/23/2019,Riffpath
Mareah Barracks,mbarracks2v,mbarracks2v@arizona.edu,Alaska Native,Physical Therapy Assistant,3/5/2017,Eadel
Loren Lumm,llumm2w,llumm2w@tumblr.com,Iroquois,Geologist III,9/7/2010,Demizz
Merilee Stivani,mstivani2x,mstivani2x@ovh.net,Aleut,Professor,9/3/2000,Eabox
Eduard Gronno,egronno2y,egronno2y@eepurl.com,Native Hawaiian,Computer Systems Analyst IV,7/21/2009,Voonder
Norina Gelletly,ngelletly2z,ngelletly2z@hao123.com,Native Hawaiian and Other Pacific Islander (NHPI),Data Coordiator,4/8/2002,Brightdog
Enid Huller,ehuller30,ehuller30@godaddy.com,Fijian,Senior Cost Accountant,6/7/2007,Yambee
Tiffi Merkle,tmerkle31,tmerkle31@wix.com,Chickasaw,Director of Sales,7/9/2012,Nlounge
Jeremias Trudgian,jtrudgian32,jtrudgian32@senate.gov,Ottawa,VP Sales,9/1/2002,Minyx
Conney Shervil,cshervil33,cshervil33@earthlink.net,Peruvian,Biostatistician III,7/13/2000,Skyble
Juana Tombling,jtombling34,jtombling34@newsvine.com,Paraguayan,Recruiting Manager,11/7/2002,Blogpad
Brittany De Francisci,bde35,bde35@princeton.edu,Central American,Human Resources Assistant III,5/31/2008,Bubblemix
Egan Macauley,emacauley36,emacauley36@washingtonpost.com,Pakistani,Physical Therapy Assistant,8/7/2007,Zoombeat
Bridget McLagan,bmclagan37,bmclagan37@stanford.edu,Guamanian,Administrative Assistant I,5/26/2001,Devpulse
Yelena Randall,yrandall38,yrandall38@tamu.edu,Osage,Staff Accountant I,9/3/2004,Minyx
Zaccaria Hedworth,zhedworth39,zhedworth39@go.com,Cuban,Biostatistician IV,9/4/2009,Skippad
Dorice McGrotty,dmcgrotty3a,dmcgrotty3a@behance.net,Sioux,Electrical Engineer,4/24/2009,Oyoyo
Julieta Ellett,jellett3b,jellett3b@ucoz.ru,Sri Lankan,Recruiter,5/8/2011,Shuffletag
Frederick Harrinson,fharrinson3c,fharrinson3c@cisco.com,Korean,Account Coordinator,9/25/2013,Jabbersphere
Ardelis Lyptrit,alyptrit3d,alyptrit3d@wordpress.org,Thai,Environmental Tech,9/28/2016,Einti
Hewe People,hpeople3e,hpeople3e@yahoo.co.jp,Potawatomi,Community Outreach Specialist,8/2/2014,Browsezoom
Agatha Andreoletti,aandreoletti3f,aandreoletti3f@mit.edu,Guatemalan,Research Associate,12/3/2017,Realpoint
Ruperta Daubney,rdaubney3g,rdaubney3g@php.net,Laotian,Programmer Analyst III,9/12/2018,Jaxspan
Peg O'Logan,pologan3h,pologan3h@unicef.org,White,Quality Control Specialist,6/7/2001,Yakidoo
Sasha Obell,sobell3i,sobell3i@hc360.com,Tongan,Staff Scientist,7/19/2005,Riffpath
Aldus Drife,adrife3j,adrife3j@diigo.com,Japanese,Payment Adjustment Coordinator,10/14/2013,Eadel
Gabi Kindley,gkindley3k,gkindley3k@pagesperso-orange.fr,Honduran,Project Manager,12/6/2011,Demizz
Ulrica Cosens,ucosens3l,ucosens3l@vistaprint.com,Latin American Indian,VP Accounting,7/5/2010,Eabox
Charis Balaisot,cbalaisot3m,cbalaisot3m@mysql.com,Native Hawaiian,Senior Quality Engineer,10/14/2017,Voonder
Napoleon Greenside,ngreenside3n,ngreenside3n@cbc.ca,Salvadoran,Nuclear Power Engineer,2/28/2017,Brightdog
Amalee Tring,atring3o,atring3o@gravatar.com,Pima,Nuclear Power Engineer,1/28/2019,Yambee
Britta Leetham,bleetham3p,bleetham3p@addtoany.com,Tongan,Geological Engineer,10/21/2019,Nlounge
Talya Black,tblack3q,tblack3q@buzzfeed.com,Costa Rican,Compensation Analyst,3/14/2011,Minyx
Ulric Bloggett,ubloggett3r,ubloggett3r@usa.gov,Mexican,Software Engineer I,12/31/2012,Skyble
Christoper Ronisch,cronisch3s,cronisch3s@intel.com,South American,Project Manager,2/17/2007,Blogpad
Tann Grutchfield,tgrutchfield3t,tgrutchfield3t@cbc.ca,Tohono O'Odham,Environmental Specialist,6/9/2011,Bubblemix
Farica Lockhart,flockhart3u,flockhart3u@naver.com,Costa Rican,Pharmacist,3/5/2015,Zoombeat
Gasper Etuck,getuck3v,getuck3v@shop-pro.jp,Chinese,Environmental Tech,7/10/2000,Devpulse
Hildagarde Brewin,hbrewin3w,hbrewin3w@bandcamp.com,Chilean,Mechanical Systems Engineer,3/12/2017,Minyx
Thedrick Wyllie,twyllie3x,twyllie3x@amazon.de,Chamorro,Statistician III,7/17/2005,Skippad
Brigid Mendenhall,bmendenhall3y,bmendenhall3y@booking.com,Pima,VP Quality Control,9/7/2004,Oyoyo
Eloisa Hubbock,ehubbock3z,ehubbock3z@spotify.com,Fijian,Food Chemist,12/10/2000,Shuffletag
Debbie Jepps,djepps40,djepps40@e-recht24.de,Chilean,VP Accounting,3/26/2009,Jabbersphere
Isidro Quinnelly,iquinnelly41,iquinnelly41@biglobe.ne.jp,Sioux,Accountant IV,6/1/2008,Einti
Shep Waadenburg,swaadenburg42,swaadenburg42@skype.com,Sioux,Tax Accountant,10/20/2008,Browsezoom
Emery Licence,elicence43,elicence43@google.com.br,Spaniard,Business Systems Development Analyst,8/11/2019,Realpoint
Godiva Naul,gnaul44,gnaul44@instagram.com,Sioux,Associate Professor,3/22/2008,Jaxspan
Allyn Cable,acable45,acable45@rambler.ru,Potawatomi,Accounting Assistant III,11/9/2010,Yakidoo
Terence Pfeiffer,tpfeiffer46,tpfeiffer46@bbb.org,Aleut,Librarian,12/20/2019,Riffpath
Yancey Bishop,ybishop47,ybishop47@theglobeandmail.com,Potawatomi,Recruiting Manager,7/14/2009,Eadel
Helaina Lakes,hlakes48,hlakes48@spotify.com,Cuban,Help Desk Technician,1/20/2012,Demizz
Lorry Bolesworth,lbolesworth49,lbolesworth49@google.fr,Tongan,Software Engineer III,11/11/2017,Eabox
Desiri Begg,dbegg4a,dbegg4a@chronoengine.com,Hmong,GIS Technical Architect,5/17/2019,Voonder
Celisse Pessler,cpessler4b,cpessler4b@1688.com,Samoan,Senior Sales Associate,1/6/2004,Brightdog
Homere Plover,hplover4c,hplover4c@ed.gov,Shoshone,Physical Therapy Assistant,11/25/2017,Yambee
Stanly Skudder,sskudder4d,sskudder4d@ed.gov,Colombian,Safety Technician II,6/19/2008,Nlounge
Matti Marsie,mmarsie4e,mmarsie4e@studiopress.com,Cherokee,Teacher,12/26/2014,Minyx
Timofei Tweedlie,ttweedlie4f,ttweedlie4f@dagondesign.com,Uruguayan,Account Coordinator,10/22/2001,Skyble
Corabel Rikkard,crikkard4g,crikkard4g@artisteer.com,Shoshone,Financial Advisor,6/26/2016,Blogpad
Lilas Fust,lfust4h,lfust4h@who.int,Colombian,Editor,5/2/2013,Bubblemix
Albina Isson,aisson4i,aisson4i@psu.edu,Choctaw,Recruiting Manager,7/24/2016,Zoombeat
Kristopher South,ksouth4j,ksouth4j@indiatimes.com,Vietnamese,Mechanical Systems Engineer,6/27/2001,Devpulse
Wallache Erb,werb4k,werb4k@dagondesign.com,Melanesian,Teacher,8/24/2007,Minyx
Michel Vedeshkin,mvedeshkin4l,mvedeshkin4l@bigcartel.com,Guamanian,Civil Engineer,12/29/2008,Skippad
Leopold Chillistone,lchillistone4m,lchillistone4m@mozilla.com,Argentinian,Cost Accountant,12/8/2002,Oyoyo
Gaspar Lante,glante4n,glante4n@google.nl,Delaware,Research Assistant II,1/27/2019,Shuffletag
Frederigo Lukesch,flukesch4o,flukesch4o@whitehouse.gov,Aleut,Senior Financial Analyst,7/25/2008,Jabbersphere
Terrill Bein,tbein4p,tbein4p@1688.com,Micronesian,Cost Accountant,4/1/2011,Einti
Faye Scholl,fscholl4q,fscholl4q@diigo.com,Bolivian,Structural Engineer,12/14/2010,Browsezoom
Jarrod MacGibbon,jmacgibbon4r,jmacgibbon4r@themeforest.net,Malaysian,VP Sales,9/1/2005,Realpoint
Layton Keri,lkeri4s,lkeri4s@columbia.edu,Samoan,Accountant II,4/14/2015,Jaxspan
Kristoffer Baylis,kbaylis4t,kbaylis4t@loc.gov,Choctaw,Automation Specialist I,9/12/2019,Yakidoo
Doria Ingleby,dingleby4u,dingleby4u@oracle.com,Lumbee,General Manager,2/16/2014,Riffpath
Delmore Huckell,dhuckell4v,dhuckell4v@desdev.cn,Yaqui,Health Coach II,11/29/2017,Eadel
Seumas Newiss,snewiss4w,snewiss4w@latimes.com,Cuban,Safety Technician III,4/12/2013,Demizz
Reilly Grahlmans,rgrahlmans4x,rgrahlmans4x@whitehouse.gov,Yuman,Associate Professor,7/3/2015,Eabox
Emogene Jelf,ejelf4y,ejelf4y@topsy.com,Vietnamese,Web Designer IV,8/15/2014,Voonder
Byron Dolby,bdolby4z,bdolby4z@un.org,Vietnamese,Help Desk Technician,9/17/2018,Brightdog
Bran Powder,bpowder50,bpowder50@spotify.com,Paraguayan,Assistant Manager,12/10/2008,Yambee
Danny Wallsam,dwallsam51,dwallsam51@google.fr,Guatemalan,Analog Circuit Design manager,5/1/2013,Nlounge
Marrilee Denham,mdenham52,mdenham52@oakley.com,Houma,Structural Analysis Engineer,3/6/2018,Minyx
Annadiana Moxted,amoxted53,amoxted53@sciencedaily.com,Spaniard,Budget/Accounting Analyst I,3/30/2003,Skyble
Justino Burlingame,jburlingame54,jburlingame54@usa.gov,Japanese,Editor,10/2/2009,Blogpad
Glenine Conechie,gconechie55,gconechie55@sun.com,Uruguayan,Engineer II,10/22/2011,Bubblemix
Cesare Swayton,cswayton56,cswayton56@mapquest.com,Yakama,Dental Hygienist,12/23/2016,Zoombeat
Aida Pauls,apauls57,apauls57@yellowbook.com,Chamorro,Data Coordiator,3/24/2009,Devpulse
Charissa Bonson,cbonson58,cbonson58@amazon.co.uk,Native Hawaiian and Other Pacific Islander (NHPI),Pharmacist,10/28/2008,Minyx
Riley Traise,rtraise59,rtraise59@cocolog-nifty.com,Venezuelan,Graphic Designer,1/14/2000,Skippad
Lucky Campa,lcampa5a,lcampa5a@scribd.com,Alaska Native,Actuary,1/9/2017,Oyoyo
Krissy Eppson,keppson5b,keppson5b@sourceforge.net,Creek,Business Systems Development Analyst,6/27/2012,Shuffletag
Joseph Allabarton,jallabarton5c,jallabarton5c@facebook.com,Tongan,Professor,11/16/2003,Jabbersphere
Antoine Morrant,amorrant5d,amorrant5d@ebay.co.uk,Fijian,Community Outreach Specialist,4/11/2011,Einti
Heall Sprowle,hsprowle5e,hsprowle5e@mtv.com,Chippewa,Legal Assistant,5/16/2006,Browsezoom
Dredi Leworthy,dleworthy5f,dleworthy5f@furl.net,Samoan,Community Outreach Specialist,11/9/2008,Realpoint
Griselda Pedroni,gpedroni5g,gpedroni5g@cnet.com,Melanesian,VP Quality Control,10/15/2019,Jaxspan
Trudey Leborgne,tleborgne5h,tleborgne5h@springer.com,Apache,Systems Administrator I,2/3/2015,Yakidoo
Filip MacCarrick,fmaccarrick5i,fmaccarrick5i@nytimes.com,Pima,Librarian,1/14/2006,Riffpath
Marion Henrie,mhenrie5j,mhenrie5j@webnode.com,Chamorro,Nurse,11/1/2014,Eadel
Milo Thelwll,mthelwll5k,mthelwll5k@cam.ac.uk,Nicaraguan,Associate Professor,4/23/2007,Demizz
Dulcie Rushbury,drushbury5l,drushbury5l@nymag.com,Peruvian,Human Resources Manager,9/23/2010,Eabox
Muhammad Solman,msolman5m,msolman5m@google.ru,Ecuadorian,Chief Design Engineer,8/27/2002,Voonder
Ramsay Keywood,rkeywood5n,rkeywood5n@xrea.com,Pakistani,Business Systems Development Analyst,1/3/2015,Brightdog
Ardella Bouskill,abouskill5o,abouskill5o@hao123.com,Sioux,Senior Developer,1/15/2017,Yambee
Genevieve Hammonds,ghammonds5p,ghammonds5p@craigslist.org,Menominee,Account Coordinator,9/20/2012,Nlounge
Delphine Remer,dremer5q,dremer5q@mtv.com,Malaysian,Project Manager,1/6/2020,Minyx
Melania Quest,mquest5r,mquest5r@liveinternet.ru,Asian,Data Coordiator,11/6/2003,Skyble
Bridie Cowderoy,bcowderoy5s,bcowderoy5s@nature.com,Latin American Indian,Senior Developer,1/17/2012,Blogpad
Grete Birney,gbirney5t,gbirney5t@cloudflare.com,Vietnamese,Programmer II,4/29/2006,Bubblemix
Cassandra Cheesley,ccheesley5u,ccheesley5u@cocolog-nifty.com,Pima,Dental Hygienist,9/4/2000,Zoombeat
Trefor Belfitt,tbelfitt5v,tbelfitt5v@ftc.gov,Chippewa,Safety Technician IV,3/22/2009,Devpulse
Felecia Caslane,fcaslane5w,fcaslane5w@addthis.com,Asian Indian,Media Manager IV,12/23/2001,Minyx
Clarissa Champken,cchampken5x,cchampken5x@list-manage.com,Latin American Indian,Electrical Engineer,9/17/2012,Skippad
Minna Brownill,mbrownill5y,mbrownill5y@mashable.com,Creek,Structural Analysis Engineer,3/16/2011,Oyoyo
Ellyn Aslett,easlett5z,easlett5z@technorati.com,Vietnamese,Data Coordiator,11/30/2014,Shuffletag
Angelico Trevon,atrevon60,atrevon60@amazon.de,Laotian,Administrative Assistant III,6/3/2013,Jabbersphere
Ash Trodler,atrodler61,atrodler61@cargocollective.com,Argentinian,Project Manager,8/12/2008,Einti
Mayor Turl,mturl62,mturl62@sourceforge.net,Chamorro,Assistant Manager,1/13/2007,Browsezoom
Stevena Deas,sdeas63,sdeas63@youtube.com,Potawatomi,Speech Pathologist,1/2/2008,Realpoint
Lyndsey Bebbell,lbebbell64,lbebbell64@princeton.edu,Micronesian,Information Systems Manager,10/23/2001,Jaxspan
Theresa Brockton,tbrockton65,tbrockton65@rakuten.co.jp,Sri Lankan,Database Administrator I,6/14/2018,Yakidoo
Allina Autin,aautin66,aautin66@state.gov,Panamanian,Registered Nurse,11/16/2009,Riffpath
Lauralee Lowne,llowne67,llowne67@census.gov,Vietnamese,Geological Engineer,7/29/2004,Eadel
Gerti Longbottom,glongbottom68,glongbottom68@fda.gov,Salvadoran,Staff Scientist,11/24/2004,Demizz
Patten Kirdsch,pkirdsch69,pkirdsch69@uiuc.edu,Alaskan Athabascan,Electrical Engineer,2/11/2002,Eabox
Mannie Gorhardt,mgorhardt6a,mgorhardt6a@zimbio.com,Melanesian,Research Nurse,5/15/2012,Voonder
Renell Argontt,rargontt6b,rargontt6b@ucoz.com,Colville,Geological Engineer,9/23/2008,Brightdog
Tabina Hukin,thukin6c,thukin6c@ameblo.jp,Uruguayan,Cost Accountant,5/18/2003,Yambee
Noland Dutnell,ndutnell6d,ndutnell6d@wsj.com,Pueblo,Desktop Support Technician,10/1/2009,Nlounge
Kerby Ghelardi,kghelardi6e,kghelardi6e@weather.com,Malaysian,Senior Financial Analyst,5/8/2019,Minyx
Janine Wedderburn,jwedderburn6f,jwedderburn6f@dell.com,Delaware,Office Assistant III,7/5/2008,Skyble
Emery Attlee,eattlee6g,eattlee6g@skyrock.com,Indonesian,Programmer Analyst III,12/7/2000,Blogpad
Lezley Tewnion,ltewnion6h,ltewnion6h@360.cn,Osage,Data Coordiator,4/3/2001,Bubblemix
Shantee McGillivrie,smcgillivrie6i,smcgillivrie6i@discovery.com,Peruvian,Internal Auditor,9/3/2009,Zoombeat
Hewett Pitway,hpitway6j,hpitway6j@linkedin.com,Tongan,Office Assistant III,7/19/2012,Devpulse
Afton Thames,athames6k,athames6k@ning.com,Sioux,Administrative Assistant IV,9/26/2009,Minyx
Geoff Sandyfirth,gsandyfirth6l,gsandyfirth6l@netvibes.com,Bangladeshi,Data Coordiator,8/16/2004,Skippad
Ema Fleis,efleis6m,efleis6m@craigslist.org,Puget Sound Salish,Senior Editor,7/6/2007,Oyoyo
Avram Topes,atopes6n,atopes6n@thetimes.co.uk,Puerto Rican,Engineer IV,12/20/2003,Shuffletag
Ferdinand McQuaide,fmcquaide6o,fmcquaide6o@cnet.com,Micronesian,Dental Hygienist,2/14/2003,Jabbersphere
Myca Spira,mspira6p,mspira6p@storify.com,Seminole,Programmer Analyst IV,11/22/2008,Einti
Karen Vassano,kvassano6q,kvassano6q@cbsnews.com,Chilean,VP Accounting,9/4/2015,Browsezoom
Tremayne Cullin,tcullin6r,tcullin6r@washingtonpost.com,Asian,Recruiter,6/30/2015,Realpoint
Cozmo Sabatier,csabatier6s,csabatier6s@epa.gov,Uruguayan,Account Coordinator,7/19/2018,Jaxspan
Elana Decker,edecker6t,edecker6t@ibm.com,Crow,Nurse Practicioner,8/1/2017,Yakidoo
Thorstein Topliss,ttopliss6u,ttopliss6u@w3.org,Sioux,Structural Engineer,4/24/2003,Riffpath
Ethelda Besnardeau,ebesnardeau6v,ebesnardeau6v@is.gd,Melanesian,Account Coordinator,3/23/2005,Eadel
Obidiah Whapples,owhapples6w,owhapples6w@economist.com,Latin American Indian,Research Assistant III,1/5/2019,Demizz
Janeen Southers,jsouthers6x,jsouthers6x@ft.com,Tongan,Programmer Analyst II,10/28/2011,Eabox
Cristiano Chattington,cchattington6y,cchattington6y@rediff.com,Chamorro,Physical Therapy Assistant,1/23/2002,Voonder
Alexandre Skittle,askittle6z,askittle6z@youtu.be,Cree,Research Assistant II,9/12/2008,Brightdog
Goddart Shoorbrooke,gshoorbrooke70,gshoorbrooke70@vkontakte.ru,Tongan,Clinical Specialist,2/20/2003,Yambee
Letty Ginger,lginger71,lginger71@utexas.edu,Taiwanese,Health Coach III,2/6/2003,Nlounge
Darell Vedeshkin,dvedeshkin72,dvedeshkin72@japanpost.jp,Chamorro,Senior Quality Engineer,1/18/2018,Minyx
Clarinda Kunz,ckunz73,ckunz73@google.com.br,Yaqui,Administrative Officer,6/1/2002,Skyble
Hunter D'Abbot-Doyle,hdabbotdoyle74,hdabbotdoyle74@dagondesign.com,Pueblo,Senior Developer,9/18/2004,Blogpad
Adrienne Beetlestone,abeetlestone75,abeetlestone75@pagesperso-orange.fr,Latin American Indian,Recruiting Manager,10/18/2017,Bubblemix
Jeramey Yurkov,jyurkov76,jyurkov76@bluehost.com,Asian Indian,Cost Accountant,12/10/2001,Zoombeat
Davon Corinton,dcorinton77,dcorinton77@economist.com,Malaysian,Geologist II,4/19/2004,Devpulse
Roderic Douglass,rdouglass78,rdouglass78@unesco.org,Asian,GIS Technical Architect,9/4/2009,Minyx
Idell Keech,ikeech79,ikeech79@geocities.jp,Fijian,Quality Control Specialist,3/23/2019,Skippad
Merrie Fawley,mfawley7a,mfawley7a@blogger.com,Puget Sound Salish,Media Manager II,1/1/2016,Oyoyo
Ingrid Breming,ibreming7b,ibreming7b@wunderground.com,Guatemalan,Geological Engineer,1/20/2004,Shuffletag
Brigit Kealy,bkealy7c,bkealy7c@miibeian.gov.cn,Pima,Senior Sales Associate,8/26/2005,Jabbersphere
Iosep Stoker,istoker7d,istoker7d@admin.ch,Cuban,Analog Circuit Design manager,4/5/2003,Einti
Sarina Chesson,schesson7e,schesson7e@japanpost.jp,Polynesian,Analyst Programmer,6/7/2010,Browsezoom
Maddy Dysart,mdysart7f,mdysart7f@live.com,Dominican (Dominican Republic),Human Resources Manager,3/1/2014,Realpoint
Freddi Ramos,framos7g,framos7g@fotki.com,White,Research Assistant II,2/5/2001,Jaxspan
Katrinka Piell,kpiell7h,kpiell7h@hao123.com,Spaniard,Systems Administrator I,3/20/2002,Yakidoo
Dominica Mockler,dmockler7i,dmockler7i@icq.com,Thai,Operator,1/27/2013,Riffpath
Elysee Greenhalf,egreenhalf7j,egreenhalf7j@theatlantic.com,Asian,Administrative Assistant III,10/21/2018,Eadel
Audy Cantero,acantero7k,acantero7k@umn.edu,Apache,Social Worker,2/19/2011,Demizz
Adiana Terran,aterran7l,aterran7l@multiply.com,South American,Software Consultant,11/10/2013,Eabox
Francklyn Farnish,ffarnish7m,ffarnish7m@cbsnews.com,Indonesian,Analyst Programmer,8/15/2010,Voonder
Duffie MacMakin,dmacmakin7n,dmacmakin7n@tiny.cc,Alaskan Athabascan,Health Coach III,12/26/2011,Brightdog
Arley Feckey,afeckey7o,afeckey7o@google.com.au,Black or African American,Compensation Analyst,9/21/2001,Yambee
Leilah Lafoy,llafoy7p,llafoy7p@nytimes.com,Cambodian,Human Resources Assistant III,7/14/2019,Nlounge
Kerwinn Thelwll,kthelwll7q,kthelwll7q@dropbox.com,Filipino,Dental Hygienist,4/3/2014,Minyx
Gardner Woffenden,gwoffenden7r,gwoffenden7r@auda.org.au,Blackfeet,Product Engineer,11/17/2006,Skyble
Markos Phalp,mphalp7s,mphalp7s@dmoz.org,Nicaraguan,VP Sales,10/22/2002,Blogpad
Sherman Colleran,scolleran7t,scolleran7t@squidoo.com,Aleut,Staff Accountant II,6/28/2003,Bubblemix
Craggie Clemont,cclemont7u,cclemont7u@sfgate.com,Native Hawaiian,Quality Control Specialist,4/9/2011,Zoombeat
Trumaine Laws,tlaws7v,tlaws7v@hibu.com,Native Hawaiian and Other Pacific Islander (NHPI),Programmer II,1/2/2016,Devpulse
Rickard De Benedictis,rde7w,rde7w@booking.com,Pueblo,Staff Accountant I,1/9/2000,Minyx
Aeriell Daenen,adaenen7x,adaenen7x@harvard.edu,Pueblo,Food Chemist,4/16/2008,Skippad
Roseline Dinnis,rdinnis7y,rdinnis7y@pagesperso-orange.fr,Salvadoran,Registered Nurse,6/23/2005,Oyoyo
Angel Copelli,acopelli7z,acopelli7z@hud.gov,Pakistani,Web Designer I,9/17/2012,Shuffletag
Lionel Kyllford,lkyllford80,lkyllford80@qq.com,Korean,Junior Executive,8/18/2001,Jabbersphere
Graehme Thebe,gthebe81,gthebe81@comsenz.com,Sri Lankan,Research Nurse,2/26/2003,Einti
Blake Robjant,brobjant82,brobjant82@etsy.com,Puerto Rican,Help Desk Technician,8/7/2000,Browsezoom
Fallon Elfe,felfe83,felfe83@home.pl,Nicaraguan,Design Engineer,12/11/2016,Realpoint
Yancy Camilletti,ycamilletti84,ycamilletti84@163.com,Chinese,Associate Professor,8/18/2004,Jaxspan
Jasmine Ashford,jashford85,jashford85@angelfire.com,Nicaraguan,Nuclear Power Engineer,8/25/2017,Yakidoo
Barclay Goodfellowe,bgoodfellowe86,bgoodfellowe86@umich.edu,Malaysian,Environmental Specialist,9/24/2011,Riffpath
Ellene Wenger,ewenger87,ewenger87@buzzfeed.com,Menominee,Actuary,1/28/2017,Eadel
Miguel Van der Kruis,mvan88,mvan88@alexa.com,Aleut,Civil Engineer,6/6/2013,Demizz
Ashli Reary,areary89,areary89@nih.gov,Tohono O'Odham,Electrical Engineer,12/3/2012,Eabox
Diane Bottomer,dbottomer8a,dbottomer8a@columbia.edu,Costa Rican,Engineer II,2/7/2010,Voonder
Ingra Hune,ihune8b,ihune8b@free.fr,Bangladeshi,Account Executive,1/11/2011,Brightdog
Druci McIlwrick,dmcilwrick8c,dmcilwrick8c@ox.ac.uk,Menominee,Assistant Manager,6/5/2001,Yambee
Vittorio Neeve,vneeve8d,vneeve8d@google.fr,Yakama,Project Manager,5/26/2019,Nlounge
Erina Seear,eseear8e,eseear8e@cisco.com,Creek,Analog Circuit Design manager,1/25/2012,Minyx
Lissy Winslett,lwinslett8f,lwinslett8f@edublogs.org,Bangladeshi,Compensation Analyst,8/30/2019,Skyble
Aylmer Secrett,asecrett8g,asecrett8g@dropbox.com,Polynesian,Software Engineer I,5/20/2003,Blogpad
Faye Barnhart,fbarnhart8h,fbarnhart8h@wordpress.com,Guamanian,Editor,10/27/2008,Bubblemix
Andrea Windaybank,awindaybank8i,awindaybank8i@a8.net,Menominee,Business Systems Development Analyst,8/26/2018,Zoombeat
Joshia Culligan,jculligan8j,jculligan8j@wp.com,Cuban,Quality Control Specialist,1/11/2018,Devpulse
Dav Schlagh,dschlagh8k,dschlagh8k@guardian.co.uk,South American,Software Consultant,3/8/2020,Minyx
Lena Charopen,lcharopen8l,lcharopen8l@blogtalkradio.com,Cherokee,Account Coordinator,3/13/2003,Skippad
Wilmer Suggett,wsuggett8m,wsuggett8m@themeforest.net,Melanesian,Research Associate,11/20/2008,Oyoyo
Ade Dayly,adayly8n,adayly8n@nyu.edu,Pueblo,Staff Accountant II,1/31/2017,Shuffletag
Erek Robotham,erobotham8o,erobotham8o@ucoz.ru,Colville,Administrative Officer,1/1/2002,Jabbersphere
Scarface Storrar,sstorrar8p,sstorrar8p@china.com.cn,Filipino,Financial Advisor,6/29/2011,Einti
Dolores Corradi,dcorradi8q,dcorradi8q@cloudflare.com,Chippewa,Budget/Accounting Analyst IV,8/8/2008,Browsezoom
Barbara Fuggles,bfuggles8r,bfuggles8r@usnews.com,Yaqui,Executive Secretary,1/8/2006,Realpoint
Enrichetta McAlees,emcalees8s,emcalees8s@senate.gov,Laotian,Product Engineer,2/15/2004,Jaxspan
Danice Dreus,ddreus8t,ddreus8t@homestead.com,Cuban,Assistant Manager,5/4/2011,Yakidoo
Antonie Clemson,aclemson8u,aclemson8u@yahoo.com,Korean,Speech Pathologist,3/4/2019,Riffpath
Aeriel Tadman,atadman8v,atadman8v@unesco.org,Guatemalan,Recruiter,8/22/2001,Eadel
Lara Martinec,lmartinec8w,lmartinec8w@harvard.edu,Tohono O'Odham,Paralegal,6/22/2006,Demizz
Jack Tallow,jtallow8x,jtallow8x@nifty.com,Chickasaw,Engineer II,10/6/2006,Eabox
Marisa Ryman,mryman8y,mryman8y@army.mil,Central American,Civil Engineer,8/21/2008,Voonder
Eduino Liles,eliles8z,eliles8z@ted.com,Paiute,Database Administrator I,4/27/2007,Brightdog
Hedvig Cardus,hcardus90,hcardus90@domainmarket.com,Comanche,VP Quality Control,2/8/2006,Yambee
Hurley Bellanger,hbellanger91,hbellanger91@prlog.org,American Indian,Social Worker,9/17/2011,Nlounge
Megan Crockley,mcrockley92,mcrockley92@chron.com,South American,Technical Writer,1/23/2012,Minyx
Karleen Di Antonio,kdi93,kdi93@state.gov,Central American,Structural Analysis Engineer,10/2/2012,Skyble
Zonnya Friberg,zfriberg94,zfriberg94@un.org,Taiwanese,Health Coach IV,12/29/2007,Blogpad
Jackelyn Muldoon,jmuldoon95,jmuldoon95@paginegialle.it,Thai,Software Engineer I,4/2/2007,Bubblemix
Kristi Scarlon,kscarlon96,kscarlon96@amazon.co.uk,Alaska Native,Programmer Analyst I,12/3/2006,Zoombeat
Fernande Janisson,fjanisson97,fjanisson97@goo.ne.jp,Salvadoran,Sales Representative,1/24/2005,Devpulse
Goddard Theze,gtheze98,gtheze98@java.com,Chilean,Marketing Manager,1/17/2018,Minyx
Leesa O'Noulane,lonoulane99,lonoulane99@pbs.org,Colombian,Environmental Tech,2/25/2006,Skippad
Erl Punch,epunch9a,epunch9a@state.tx.us,Cree,VP Accounting,8/31/2015,Oyoyo
Ryan Bettaney,rbettaney9b,rbettaney9b@blogtalkradio.com,Yuman,Analog Circuit Design manager,8/12/2013,Shuffletag
Reba Maslen,rmaslen9c,rmaslen9c@home.pl,Asian,Human Resources Assistant IV,1/29/2014,Jabbersphere
Cassandre Storrie,cstorrie9d,cstorrie9d@yellowpages.com,Japanese,Engineer III,5/27/2012,Einti
Waldo Leyden,wleyden9e,wleyden9e@about.me,Uruguayan,Sales Associate,4/22/2008,Browsezoom
Ivonne Surpliss,isurpliss9f,isurpliss9f@dagondesign.com,Tongan,Information Systems Manager,8/19/2007,Realpoint
Hamlen McGoldrick,hmcgoldrick9g,hmcgoldrick9g@globo.com,Dominican (Dominican Republic),Safety Technician IV,10/30/2014,Jaxspan
Hazlett Carlo,hcarlo9h,hcarlo9h@npr.org,Central American,Budget/Accounting Analyst II,1/30/2004,Yakidoo
Genni Humber,ghumber9i,ghumber9i@vimeo.com,Vietnamese,Staff Scientist,11/7/2000,Riffpath
Demetre Lownsbrough,dlownsbrough9j,dlownsbrough9j@census.gov,Tlingit-Haida,Research Assistant III,12/27/2011,Eadel
Mehetabel Harburtson,mharburtson9k,mharburtson9k@virginia.edu,Alaskan Athabascan,Computer Systems Analyst I,1/12/2018,Demizz
Izzy Schoales,ischoales9l,ischoales9l@microsoft.com,Houma,Software Test Engineer III,2/3/2003,Eabox
Maddy Gostyke,mgostyke9m,mgostyke9m@tripod.com,Lumbee,Computer Systems Analyst III,2/10/2004,Voonder
Allen Archell,aarchell9n,aarchell9n@friendfeed.com,Blackfeet,Community Outreach Specialist,10/22/2011,Brightdog
Dolorita Hamblen,dhamblen9o,dhamblen9o@weather.com,Colville,Social Worker,2/9/2013,Yambee
Fifine Shambrooke,fshambrooke9p,fshambrooke9p@nba.com,Potawatomi,Staff Accountant II,3/4/2007,Nlounge
Boot Choat,bchoat9q,bchoat9q@house.gov,Vietnamese,Structural Analysis Engineer,8/2/2008,Minyx
Jacquelyn Stillman,jstillman9r,jstillman9r@tmall.com,Sioux,Business Systems Development Analyst,12/14/2005,Skyble
Skelly Martinie,smartinie9s,smartinie9s@bloglines.com,Hmong,Assistant Media Planner,2/5/2015,Blogpad
Stuart Biskupek,sbiskupek9t,sbiskupek9t@spotify.com,Navajo,Nurse Practicioner,11/24/2013,Bubblemix
Jodie Godrich,jgodrich9u,jgodrich9u@eepurl.com,Yakama,Marketing Manager,2/8/2000,Zoombeat
Adolphe Barabisch,abarabisch9v,abarabisch9v@vinaora.com,Panamanian,Programmer III,10/16/2008,Devpulse
Leisha Sleany,lsleany9w,lsleany9w@springer.com,Seminole,Business Systems Development Analyst,12/17/2009,Minyx
Fanya Gayforth,fgayforth9x,fgayforth9x@berkeley.edu,Costa Rican,Budget/Accounting Analyst II,8/7/2007,Skippad
Kennan Skryne,kskryne9y,kskryne9y@gmpg.org,Cree,Sales Representative,4/3/2004,Oyoyo
Prinz Harg,pharg9z,pharg9z@instagram.com,Crow,Research Assistant IV,8/5/2006,Shuffletag
Rana Rough,rrougha0,rrougha0@yolasite.com,Chickasaw,Project Manager,2/20/2015,Jabbersphere
Coral Gashion,cgashiona1,cgashiona1@narod.ru,Menominee,Chemical Engineer,10/2/2003,Einti
Andromache Melladew,amelladewa2,amelladewa2@livejournal.com,Tongan,Technical Writer,5/1/2002,Browsezoom
Windy Kaesmans,wkaesmansa3,wkaesmansa3@google.pl,Yuman,Research Associate,5/23/2011,Realpoint
Garrot Tackett,gtacketta4,gtacketta4@cam.ac.uk,American Indian and Alaska Native (AIAN),Account Coordinator,2/19/2010,Jaxspan
Charity Mc Combe,cmca5,cmca5@163.com,American Indian,Nuclear Power Engineer,7/25/2007,Yakidoo
Carmel Karlowicz,ckarlowicza6,ckarlowicza6@storify.com,Aleut,Financial Analyst,6/5/2001,Riffpath
Janel Brayley,jbrayleya7,jbrayleya7@163.com,Tongan,Nuclear Power Engineer,3/17/2016,Eadel
Teodoor Cassie,tcassiea8,tcassiea8@usatoday.com,Alaskan Athabascan,Administrative Officer,8/25/2011,Demizz
Richart Palley,rpalleya9,rpalleya9@google.de,Lumbee,Registered Nurse,7/24/2008,Eabox
Laverna Fripp,lfrippaa,lfrippaa@dropbox.com,Navajo,Occupational Therapist,3/29/2008,Voonder
Idell Paddeley,ipaddeleyab,ipaddeleyab@myspace.com,Vietnamese,Technical Writer,1/31/2004,Brightdog
Wenda Every,weveryac,weveryac@wordpress.com,Kiowa,Product Engineer,12/20/2017,Yambee
Christoper Klimke,cklimkead,cklimkead@imgur.com,Ottawa,Legal Assistant,4/1/2001,Nlounge
Madella Cromblehome,mcromblehomeae,mcromblehomeae@fotki.com,Cree,Structural Analysis Engineer,5/7/2006,Minyx
Grannie Helgass,ghelgassaf,ghelgassaf@vistaprint.com,Bangladeshi,Engineer II,2/4/2016,Skyble
Angele Craw,acrawag,acrawag@last.fm,Bangladeshi,Electrical Engineer,2/23/2005,Blogpad
Lyle Britney,lbritneyah,lbritneyah@cbc.ca,Fijian,Information Systems Manager,1/9/2002,Bubblemix
Bellina Andriuzzi,bandriuzziai,bandriuzziai@altervista.org,Micronesian,Sales Associate,8/15/2011,Zoombeat
Garry Jerche,gjercheaj,gjercheaj@bloomberg.com,Korean,Account Executive,10/1/2013,Devpulse
Annabal Skokoe,askokoeak,askokoeak@mayoclinic.com,Cherokee,Civil Engineer,8/30/2015,Minyx
Mallissa Schoular,mschoularal,mschoularal@ed.gov,Panamanian,Geological Engineer,12/30/2007,Skippad
Dory Kemster,dkemsteram,dkemsteram@bloglovin.com,Nicaraguan,Project Manager,11/2/2004,Oyoyo
Omar Doberer,odobereran,odobereran@163.com,Cambodian,Safety Technician I,9/26/2005,Shuffletag
Archibald Gibling,agiblingao,agiblingao@devhub.com,Blackfeet,Director of Sales,12/17/2000,Jabbersphere
Junette Almond,jalmondap,jalmondap@alibaba.com,Central American,Geological Engineer,7/26/2012,Einti
Benoit Lindwasser,blindwasseraq,blindwasseraq@ft.com,White,Compensation Analyst,5/5/2019,Browsezoom
Iris Morpeth,imorpethar,imorpethar@elpais.com,Puerto Rican,Environmental Tech,8/17/2002,Realpoint
Rudiger Seakin,rseakinas,rseakinas@typepad.com,Chilean,Chemical Engineer,12/3/2006,Jaxspan
Lon Spring,lspringat,lspringat@csmonitor.com,Peruvian,Senior Cost Accountant,5/27/2013,Yakidoo
Anne-marie Pennicard,apennicardau,apennicardau@examiner.com,Malaysian,Developer IV,12/6/2015,Riffpath
Nevile Harvard,nharvardav,nharvardav@miitbeian.gov.cn,Asian Indian,Account Representative III,7/22/2019,Eadel
Lindie Andrichak,landrichakaw,landrichakaw@cornell.edu,Asian,VP Product Management,11/1/2014,Demizz
Raynell Brock,rbrockax,rbrockax@alexa.com,Panamanian,Operator,3/21/2019,Eabox
Garreth Betke,gbetkeay,gbetkeay@cafepress.com,Seminole,Senior Quality Engineer,9/11/2005,Voonder
Whittaker Legerwood,wlegerwoodaz,wlegerwoodaz@wix.com,Native Hawaiian and Other Pacific Islander (NHPI),Recruiter,5/31/2003,Brightdog
Candy Josefsohn,cjosefsohnb0,cjosefsohnb0@examiner.com,Bolivian,Speech Pathologist,6/21/2009,Yambee
Kerry Seward,ksewardb1,ksewardb1@creativecommons.org,Chinese,Engineer III,5/21/2000,Nlounge
Alysa Chesnay,achesnayb2,achesnayb2@gmpg.org,Cherokee,Geologist III,9/15/2010,Minyx
Doll Shoppee,dshoppeeb3,dshoppeeb3@stanford.edu,Micronesian,Financial Advisor,8/13/2004,Skyble
Diannne Junkison,djunkisonb4,djunkisonb4@spotify.com,Colville,Human Resources Manager,11/17/2013,Blogpad
Livvyy Peal,lpealb5,lpealb5@shutterfly.com,Uruguayan,Statistician III,5/3/2011,Bubblemix
Dianna Marty,dmartyb6,dmartyb6@marriott.com,Black or African American,VP Accounting,6/12/2000,Zoombeat
Kelila Shury,kshuryb7,kshuryb7@biblegateway.com,Iroquois,Computer Systems Analyst III,3/3/2000,Devpulse
Leora Gossling,lgosslingb8,lgosslingb8@topsy.com,Eskimo,Design Engineer,7/12/2006,Minyx
Ronny Winney,rwinneyb9,rwinneyb9@ucsd.edu,Dominican (Dominican Republic),Office Assistant II,6/11/2006,Skippad
Pyotr Bish,pbishba,pbishba@wordpress.org,Native Hawaiian,Engineer IV,2/25/2004,Oyoyo
Brittani Broschke,bbroschkebb,bbroschkebb@unesco.org,Cuban,Systems Administrator II,4/30/2009,Shuffletag
Gabriel Postins,gpostinsbc,gpostinsbc@toplist.cz,Argentinian,Sales Representative,7/22/2010,Jabbersphere
Ebony Guihen,eguihenbd,eguihenbd@jimdo.com,Ute,Social Worker,7/16/2006,Einti
Annemarie Cosh,acoshbe,acoshbe@xing.com,Iroquois,Tax Accountant,8/23/2014,Browsezoom
Alaine Figurski,afigurskibf,afigurskibf@sciencedirect.com,Sioux,Speech Pathologist,9/6/2000,Realpoint
Cad Wadelin,cwadelinbg,cwadelinbg@loc.gov,Filipino,Internal Auditor,5/23/2005,Jaxspan
Nils Listone,nlistonebh,nlistonebh@dailymotion.com,Mexican,Product Engineer,8/15/2002,Yakidoo
Prescott Penkethman,ppenkethmanbi,ppenkethmanbi@latimes.com,Vietnamese,Engineer III,4/24/2009,Riffpath
Llywellyn Jones,ljonesbj,ljonesbj@yandex.ru,Cuban,Mechanical Systems Engineer,5/31/2008,Eadel
Sullivan Blaber,sblaberbk,sblaberbk@comcast.net,Cree,Software Consultant,10/8/2011,Demizz
Baxie Francois,bfrancoisbl,bfrancoisbl@craigslist.org,Cuban,Assistant Manager,3/12/2001,Eabox
Jacky Garcia,jgarciabm,jgarciabm@typepad.com,Navajo,General Manager,11/28/2017,Voonder
Ravi Charters,rchartersbn,rchartersbn@wunderground.com,Uruguayan,Community Outreach Specialist,4/12/2005,Brightdog
Elfrieda Ambridge,eambridgebo,eambridgebo@unicef.org,Central American,Marketing Assistant,12/26/2006,Yambee
Barby Hutt,bhuttbp,bhuttbp@hud.gov,Cheyenne,Actuary,4/19/2020,Nlounge
Saudra Archibould,sarchibouldbq,sarchibouldbq@telegraph.co.uk,Aleut,Payment Adjustment Coordinator,7/15/2000,Minyx
Lorinda Powder,lpowderbr,lpowderbr@independent.co.uk,Potawatomi,Information Systems Manager,11/18/2004,Skyble
Noland Sappson,nsappsonbs,nsappsonbs@vkontakte.ru,Yuman,Administrative Assistant I,4/17/2001,Blogpad
Glen Ianinotti,gianinottibt,gianinottibt@bandcamp.com,Guamanian,Senior Editor,11/16/2017,Bubblemix
Midge Jaqueminet,mjaqueminetbu,mjaqueminetbu@privacy.gov.au,Yaqui,Community Outreach Specialist,10/15/2002,Zoombeat
Harley Jennery,hjennerybv,hjennerybv@dmoz.org,Choctaw,Internal Auditor,4/25/2017,Devpulse
Larisa Barnwill,lbarnwillbw,lbarnwillbw@phoca.cz,Micronesian,Clinical Specialist,12/1/2002,Minyx
Correy Clixby,cclixbybx,cclixbybx@hostgator.com,Panamanian,Social Worker,8/17/2016,Skippad
Chuck Cardis,ccardisby,ccardisby@jiathis.com,Indonesian,Biostatistician III,10/8/2005,Oyoyo
Mackenzie Guthrie,mguthriebz,mguthriebz@ed.gov,Argentinian,Office Assistant I,2/4/2014,Shuffletag
Fania Sharpous,fsharpousc0,fsharpousc0@wiley.com,Black or African American,Food Chemist,6/23/2004,Jabbersphere
Buiron Filipson,bfilipsonc1,bfilipsonc1@oracle.com,Pueblo,Assistant Professor,4/25/2016,Einti
Lutero Edwinson,ledwinsonc2,ledwinsonc2@slate.com,Taiwanese,Graphic Designer,5/18/2005,Browsezoom
Tootsie Toulmin,ttoulminc3,ttoulminc3@freewebs.com,Black or African American,Staff Scientist,6/7/2009,Realpoint
Beltran Huckle,bhucklec4,bhucklec4@cbslocal.com,Menominee,Compensation Analyst,9/18/2019,Jaxspan
Tally Battin,tbattinc5,tbattinc5@ning.com,Sri Lankan,General Manager,11/13/2014,Yakidoo
Gene Daniellot,gdaniellotc6,gdaniellotc6@amazonaws.com,Black or African American,Software Engineer IV,10/5/2012,Riffpath
Guenevere McNalley,gmcnalleyc7,gmcnalleyc7@is.gd,Choctaw,Developer II,10/28/2014,Eadel
Vladimir Hamber,vhamberc8,vhamberc8@etsy.com,Blackfeet,Chemical Engineer,8/28/2008,Demizz
Wakefield Slucock,wslucockc9,wslucockc9@soup.io,Laotian,Accounting Assistant II,6/20/2004,Eabox
Ara Philler,aphillerca,aphillerca@photobucket.com,Venezuelan,Structural Analysis Engineer,3/14/2009,Voonder
Bartholomeo Sitford,bsitfordcb,bsitfordcb@nih.gov,Pima,Food Chemist,1/25/2016,Brightdog
Taite Geist,tgeistcc,tgeistcc@jimdo.com,Creek,Programmer III,11/24/2005,Yambee
Bank Northgraves,bnorthgravescd,bnorthgravescd@privacy.gov.au,Cuban,Civil Engineer,1/7/2019,Nlounge
Nicky Knowlman,nknowlmance,nknowlmance@nyu.edu,Iroquois,Accounting Assistant IV,7/26/2014,Minyx
Caz MacCaughan,cmaccaughancf,cmaccaughancf@ted.com,Cheyenne,Business Systems Development Analyst,2/11/2009,Skyble
Rustie Espie,respiecg,respiecg@icio.us,Polynesian,GIS Technical Architect,7/5/2016,Blogpad
Elysia Wipfler,ewipflerch,ewipflerch@ocn.ne.jp,Uruguayan,General Manager,11/16/2008,Bubblemix
Nanette Oldale,noldaleci,noldaleci@deviantart.com,Apache,Clinical Specialist,10/22/2008,Zoombeat
Debbie Hargreves,dhargrevescj,dhargrevescj@epa.gov,Central American,Help Desk Operator,10/26/2005,Devpulse
Eyde Orrah,eorrahck,eorrahck@tumblr.com,Samoan,Nurse,8/14/2007,Minyx
Salvador Waine,swainecl,swainecl@oracle.com,Thai,Safety Technician IV,8/20/2014,Skippad
Earvin Haliburton,ehaliburtoncm,ehaliburtoncm@canalblog.com,Native Hawaiian and Other Pacific Islander (NHPI),Administrative Assistant III,10/26/2019,Oyoyo
Kandace Keyte,kkeytecn,kkeytecn@yale.edu,Yakama,VP Product Management,6/23/2005,Shuffletag
Kara-lynn Pawel,kpawelco,kpawelco@webnode.com,Laotian,Help Desk Operator,1/21/2000,Jabbersphere
Ambur Card,acardcp,acardcp@fastcompany.com,Yakama,Internal Auditor,5/12/2013,Einti
Lillian Maccree,lmaccreecq,lmaccreecq@discuz.net,Asian,VP Accounting,10/27/2009,Browsezoom
Carey Hovel,chovelcr,chovelcr@about.me,Tlingit-Haida,Nuclear Power Engineer,4/21/2007,Realpoint
Murielle Phebey,mphebeycs,mphebeycs@wikimedia.org,Sri Lankan,Chemical Engineer,1/21/2019,Jaxspan
Alysa Lobe,alobect,alobect@gmpg.org,Pakistani,Project Manager,9/3/2014,Yakidoo
Carissa Curnock,ccurnockcu,ccurnockcu@last.fm,Ecuadorian,Data Coordiator,7/16/2009,Riffpath
Miguelita Moreinis,mmoreiniscv,mmoreiniscv@pen.io,Yakama,VP Accounting,12/6/2014,Eadel
Haslett Dilliway,hdilliwaycw,hdilliwaycw@jigsy.com,Japanese,Actuary,1/21/2001,Demizz
Cecile Dirand,cdirandcx,cdirandcx@cdc.gov,Colville,Marketing Assistant,4/14/2015,Eabox
Chere Osichev,cosichevcy,cosichevcy@nifty.com,Panamanian,Quality Control Specialist,3/20/2004,Voonder
Morgen Jewel,mjewelcz,mjewelcz@telegraph.co.uk,Central American,Marketing Assistant,3/3/2018,Brightdog
Baudoin Mussared,bmussaredd0,bmussaredd0@deliciousdays.com,Latin American Indian,Budget/Accounting Analyst IV,9/9/2000,Yambee
Jacqueline Chominski,jchominskid1,jchominskid1@cdc.gov,Costa Rican,Senior Developer,6/9/2013,Nlounge
Mora Bravey,mbraveyd2,mbraveyd2@alexa.com,Honduran,Administrative Officer,12/13/2001,Minyx
Sharron Cleynaert,scleynaertd3,scleynaertd3@wikimedia.org,Houma,VP Quality Control,12/13/2014,Skyble
Flora Barthot,fbarthotd4,fbarthotd4@360.cn,Cheyenne,Electrical Engineer,12/2/2007,Blogpad
Deva Kilgannon,dkilgannond5,dkilgannond5@google.de,Bangladeshi,Computer Systems Analyst III,5/10/2017,Bubblemix
Raffarty Welsh,rwelshd6,rwelshd6@fastcompany.com,Chilean,Business Systems Development Analyst,7/21/2000,Zoombeat
Jodi Gullyes,jgullyesd7,jgullyesd7@studiopress.com,Cherokee,Cost Accountant,10/3/2000,Devpulse
Arlana Hadingham,ahadinghamd8,ahadinghamd8@hubpages.com,Japanese,Assistant Professor,10/3/2010,Minyx
Forest Rosenvasser,frosenvasserd9,frosenvasserd9@nasa.gov,Alaska Native,Structural Engineer,11/17/2016,Skippad
Isidor Guyers,iguyersda,iguyersda@discovery.com,Guatemalan,Staff Accountant II,6/5/2012,Oyoyo
Haroun Swede,hswededb,hswededb@nydailynews.com,Tongan,Teacher,4/6/2006,Shuffletag
Sherline McAloren,smcalorendc,smcalorendc@wordpress.org,Guamanian,Geologist IV,9/6/2018,Jabbersphere
Feodor Janko,fjankodd,fjankodd@dailymail.co.uk,Chilean,Operator,1/21/2001,Einti
Beryle Siegertsz,bsiegertszde,bsiegertszde@unc.edu,American Indian,Statistician III,5/14/2006,Browsezoom
Ninnette Ellen,nellendf,nellendf@newsvine.com,Fijian,Quality Control Specialist,4/18/2001,Realpoint
Skipp Shervil,sshervildg,sshervildg@youku.com,Native Hawaiian,Help Desk Technician,5/26/2014,Jaxspan
Evangelia Walters,ewaltersdh,ewaltersdh@tmall.com,Menominee,Senior Sales Associate,12/12/2016,Yakidoo
Car Forri,cforridi,cforridi@mediafire.com,American Indian and Alaska Native (AIAN),Administrative Officer,11/10/2002,Riffpath
Willard O'Devey,wodeveydj,wodeveydj@wisc.edu,Argentinian,Programmer III,12/11/2003,Eadel
Conrade Arnholdt,carnholdtdk,carnholdtdk@ft.com,Yaqui,Research Assistant II,10/23/2000,Demizz
Tommi Fittall,tfittalldl,tfittalldl@wired.com,Cheyenne,Web Designer III,10/8/2007,Eabox
Simone Toft,stoftdm,stoftdm@yelp.com,Dominican (Dominican Republic),Analog Circuit Design manager,11/21/2011,Voonder
Eada Oaker,eoakerdn,eoakerdn@mapy.cz,Guamanian,Health Coach III,9/25/2004,Brightdog
Roseanna Keningham,rkeninghamdo,rkeninghamdo@rakuten.co.jp,American Indian and Alaska Native (AIAN),Executive Secretary,2/22/2012,Yambee
Dominik Halpine,dhalpinedp,dhalpinedp@wp.com,American Indian,Associate Professor,11/3/2004,Nlounge
Chrissy Karpushkin,ckarpushkindq,ckarpushkindq@sphinn.com,American Indian,Financial Advisor,10/9/2018,Minyx
Kelsy Bramford,kbramforddr,kbramforddr@cbslocal.com,Laotian,Project Manager,1/28/2016,Skyble
Marlowe Yesenin,myeseninds,myeseninds@tiny.cc,Yakama,Environmental Specialist,1/19/2018,Blogpad
Flora MacTrusty,fmactrustydt,fmactrustydt@soup.io,Yakama,Programmer Analyst IV,7/25/2009,Bubblemix
Elmer Lomis,elomisdu,elomisdu@toplist.cz,Lumbee,Operator,6/20/2004,Zoombeat
Monica Crinion,mcriniondv,mcriniondv@census.gov,Hmong,Occupational Therapist,2/3/2011,Devpulse
Donny Schott,dschottdw,dschottdw@nature.com,Creek,Pharmacist,3/10/2007,Minyx
Fran Bruntjen,fbruntjendx,fbruntjendx@wikispaces.com,Kiowa,Programmer Analyst IV,5/18/2010,Skippad
Kev Bettleson,kbettlesondy,kbettlesondy@buzzfeed.com,Micronesian,Research Associate,3/14/2011,Oyoyo
Cindra Kyffin,ckyffindz,ckyffindz@virginia.edu,Filipino,Teacher,2/8/2001,Shuffletag
Cecelia Holttom,cholttome0,cholttome0@abc.net.au,Malaysian,General Manager,6/17/2009,Jabbersphere
Sioux Fuidge,sfuidgee1,sfuidgee1@ezinearticles.com,Cherokee,Programmer IV,3/26/2009,Einti
Chrissy Domenc,cdomence2,cdomence2@spotify.com,Bangladeshi,Quality Engineer,5/4/2005,Browsezoom
Lindsay Giacomuzzi,lgiacomuzzie3,lgiacomuzzie3@hao123.com,Sri Lankan,Computer Systems Analyst III,5/17/2002,Realpoint
Raina Reynold,rreynolde4,rreynolde4@t-online.de,Chamorro,Web Developer I,2/10/2018,Jaxspan
Consalve Lewry,clewrye5,clewrye5@arstechnica.com,Osage,Registered Nurse,2/25/2010,Yakidoo
Culley Jays,cjayse6,cjayse6@imgur.com,Chippewa,Senior Financial Analyst,12/20/2016,Riffpath
Moshe Davidovic,mdavidovice7,mdavidovice7@independent.co.uk,Yuman,Executive Secretary,8/4/2009,Eadel
Shelby Grigolashvill,sgrigolashville8,sgrigolashville8@google.com.au,Melanesian,Office Assistant I,1/18/2000,Demizz
Nicolai Lodin,nlodine9,nlodine9@bloglovin.com,Choctaw,GIS Technical Architect,6/25/2014,Eabox
Ddene Vedenisov,dvedenisovea,dvedenisovea@qq.com,Salvadoran,Budget/Accounting Analyst IV,6/25/2012,Voonder
Isaac Avrahamov,iavrahamoveb,iavrahamoveb@guardian.co.uk,Cree,Media Manager II,4/5/2013,Brightdog
Umberto Bellenger,ubellengerec,ubellengerec@dailymotion.com,Argentinian,Environmental Specialist,7/6/2010,Yambee
Lorinda Woehler,lwoehlered,lwoehlered@washington.edu,Apache,Executive Secretary,2/15/2001,Nlounge
Josephine Koopman,jkoopmanee,jkoopmanee@bbc.co.uk,Potawatomi,Quality Engineer,5/26/2008,Minyx
Elianora Ribeiro,eribeiroef,eribeiroef@exblog.jp,Ottawa,Automation Specialist I,9/11/2017,Skyble
Lilia Junifer,ljunifereg,ljunifereg@huffingtonpost.com,Cuban,Programmer II,1/8/2004,Blogpad
Erina Terren,eterreneh,eterreneh@wufoo.com,Alaska Native,Social Worker,3/14/2017,Bubblemix
Ermentrude Durtnall,edurtnallei,edurtnallei@scientificamerican.com,Blackfeet,VP Accounting,10/27/2010,Zoombeat
Emmalynne Wharlton,ewharltonej,ewharltonej@woothemes.com,Korean,General Manager,1/19/2010,Devpulse
Johna Adnams,jadnamsek,jadnamsek@chron.com,Samoan,Occupational Therapist,7/9/2015,Minyx
Lenette Rasmus,lrasmusel,lrasmusel@toplist.cz,Yaqui,Executive Secretary,10/6/2002,Skippad
Tatum Devennie,tdevennieem,tdevennieem@newsvine.com,Houma,Recruiting Manager,3/4/2002,Oyoyo
Paulie Yesipov,pyesipoven,pyesipoven@arstechnica.com,Laotian,Systems Administrator IV,6/10/2002,Shuffletag
Junia Swynfen,jswynfeneo,jswynfeneo@nbcnews.com,Shoshone,Sales Associate,3/21/2011,Jabbersphere
Merry Curphey,mcurpheyep,mcurpheyep@amazon.co.jp,Guatemalan,Help Desk Operator,10/5/2010,Einti
Kandace Kendall,kkendalleq,kkendalleq@csmonitor.com,Cree,Web Developer IV,10/7/2000,Browsezoom
Gayla Churly,gchurlyer,gchurlyer@moonfruit.com,Thai,Structural Analysis Engineer,6/27/2015,Realpoint
Dani Gloucester,dgloucesteres,dgloucesteres@php.net,Tongan,Health Coach IV,5/28/2010,Jaxspan
Jeffy Garman,jgarmanet,jgarmanet@psu.edu,Alaskan Athabascan,Actuary,3/14/2012,Yakidoo
Jerrold Seaborn,jseaborneu,jseaborneu@dion.ne.jp,Pakistani,Help Desk Technician,9/10/2011,Riffpath
Cacilie Petts,cpettsev,cpettsev@engadget.com,Latin American Indian,Geological Engineer,2/13/2007,Eadel
Demetria Tiffany,dtiffanyew,dtiffanyew@sun.com,Uruguayan,Senior Financial Analyst,10/15/2008,Demizz
Euphemia Gellett,egellettex,egellettex@walmart.com,Shoshone,Food Chemist,7/3/2011,Eabox
Sorcha Eakins,seakinsey,seakinsey@shop-pro.jp,Comanche,Programmer III,5/9/2017,Voonder
Shelbi Jeffray,sjeffrayez,sjeffrayez@amazonaws.com,Crow,Statistician III,11/17/2015,Brightdog
Florenza Backshell,fbackshellf0,fbackshellf0@usatoday.com,Korean,Editor,9/14/2006,Yambee
Hedwiga Staining,hstainingf1,hstainingf1@marriott.com,Sri Lankan,Administrative Officer,9/19/2016,Nlounge
Mirabelle Handforth,mhandforthf2,mhandforthf2@alexa.com,Potawatomi,Environmental Tech,7/24/2007,Minyx
Carver Gwyn,cgwynf3,cgwynf3@whitehouse.gov,Fijian,General Manager,12/2/2017,Skyble
Sibylla Dockrey,sdockreyf4,sdockreyf4@desdev.cn,Yakama,Budget/Accounting Analyst III,10/9/2004,Blogpad
Guthry Cardozo,gcardozof5,gcardozof5@cargocollective.com,Thai,Help Desk Operator,7/25/2016,Bubblemix
Florella Binnie,fbinnief6,fbinnief6@sciencedirect.com,Menominee,Payment Adjustment Coordinator,6/20/2004,Zoombeat
Julie Joire,jjoiref7,jjoiref7@sohu.com,Melanesian,Systems Administrator IV,5/31/2019,Devpulse
Bay Pineaux,bpineauxf8,bpineauxf8@princeton.edu,Polynesian,Associate Professor,12/29/2001,Minyx
Mandi Premble,mpremblef9,mpremblef9@nps.gov,Vietnamese,Engineer I,7/26/2017,Skippad
Bellina McIver,bmciverfa,bmciverfa@symantec.com,Asian Indian,Developer IV,5/19/2004,Oyoyo
Ambrosi Klampk,aklampkfb,aklampkfb@istockphoto.com,Black or African American,Physical Therapy Assistant,11/26/2014,Shuffletag
Tanya Sinyard,tsinyardfc,tsinyardfc@mlb.com,Osage,Accounting Assistant IV,6/17/2013,Jabbersphere
Darcey Cullin,dcullinfd,dcullinfd@mozilla.com,Central American,Marketing Assistant,5/13/2013,Einti
Jule Abrashkov,jabrashkovfe,jabrashkovfe@redcross.org,Ute,Computer Systems Analyst IV,12/25/2000,Browsezoom
Scott Effaunt,seffauntff,seffauntff@salon.com,Aleut,Design Engineer,1/7/2020,Realpoint
Karisa Farherty,kfarhertyfg,kfarhertyfg@bigcartel.com,Tohono O'Odham,Payment Adjustment Coordinator,11/30/2003,Jaxspan
Thomasine Trustrie,ttrustriefh,ttrustriefh@ibm.com,Nicaraguan,Media Manager III,8/26/2015,Yakidoo
Tracee Mignot,tmignotfi,tmignotfi@cmu.edu,Apache,Office Assistant III,8/28/2004,Riffpath
Emilio Le Breton,elefj,elefj@xrea.com,Guamanian,Compensation Analyst,12/2/2004,Eadel
Chalmers Jerratsch,cjerratschfk,cjerratschfk@pbs.org,Bolivian,Safety Technician III,12/17/2002,Demizz
Cari Burchett,cburchettfl,cburchettfl@unc.edu,Pima,Operator,8/9/2000,Eabox
Cherice Livings,clivingsfm,clivingsfm@mediafire.com,Cheyenne,Senior Cost Accountant,6/27/2007,Voonder
Raul McNeigh,rmcneighfn,rmcneighfn@sciencedirect.com,Mexican,Design Engineer,12/25/2012,Brightdog
Aggie Kevern,akevernfo,akevernfo@instagram.com,Houma,Cost Accountant,1/8/2008,Yambee
Giordano Sealey,gsealeyfp,gsealeyfp@rambler.ru,Fijian,Dental Hygienist,8/13/2000,Nlounge
Corrie Bernaldo,cbernaldofq,cbernaldofq@webeden.co.uk,Latin American Indian,Mechanical Systems Engineer,8/5/2019,Minyx
Kalina See,kseefr,kseefr@mit.edu,Salvadoran,Librarian,5/15/2011,Skyble
Milli Cordingly,mcordinglyfs,mcordinglyfs@canalblog.com,Central American,Financial Analyst,5/9/2013,Blogpad
Ursulina Thor,uthorft,uthorft@shareasale.com,Cheyenne,Tax Accountant,1/27/2011,Bubblemix
Emma Stucksbury,estucksburyfu,estucksburyfu@prnewswire.com,South American,Automation Specialist II,9/15/2002,Zoombeat
Lurleen Friend,lfriendfv,lfriendfv@gravatar.com,Yuman,Legal Assistant,11/30/2013,Devpulse
Marylee Coase,mcoasefw,mcoasefw@google.it,Lumbee,Systems Administrator IV,11/13/2006,Minyx
Rutherford Easom,reasomfx,reasomfx@csmonitor.com,Pakistani,Senior Cost Accountant,5/30/2000,Skippad
Timofei Coaker,tcoakerfy,tcoakerfy@examiner.com,Ute,Chemical Engineer,6/11/2014,Oyoyo
Leonanie Mityushkin,lmityushkinfz,lmityushkinfz@skyrock.com,Aleut,Quality Engineer,4/17/2009,Shuffletag
Valencia Ridger,vridgerg0,vridgerg0@usnews.com,Mexican,VP Sales,7/29/2014,Jabbersphere
Elinore O'Halloran,eohallorang1,eohallorang1@examiner.com,Pakistani,Product Engineer,7/15/2002,Einti
Traver Ancliffe,tancliffeg2,tancliffeg2@bing.com,Melanesian,Research Associate,9/3/2012,Browsezoom
Dorise Patria,dpatriag3,dpatriag3@taobao.com,Native Hawaiian,Automation Specialist IV,2/17/2005,Realpoint
Bettye Collihole,bcolliholeg4,bcolliholeg4@apache.org,Colville,Librarian,1/31/2004,Jaxspan
Dee dee Hearsum,ddeeg5,ddeeg5@1und1.de,Puerto Rican,Senior Financial Analyst,12/11/2003,Yakidoo
Burch Cestard,bcestardg6,bcestardg6@intel.com,Panamanian,Senior Sales Associate,1/18/2020,Riffpath
Lola Febry,lfebryg7,lfebryg7@google.nl,Pima,Research Associate,5/15/2014,Eadel
Tiffy McCurdy,tmccurdyg8,tmccurdyg8@altervista.org,Panamanian,Social Worker,11/6/2001,Demizz
Jolie Trahair,jtrahairg9,jtrahairg9@paypal.com,Mexican,Desktop Support Technician,8/8/2018,Eabox
Mendie Epine,mepinega,mepinega@webmd.com,Indonesian,Automation Specialist II,2/1/2003,Voonder
Kevin D'Abbot-Doyle,kdabbotdoylegb,kdabbotdoylegb@ucla.edu,Vietnamese,Account Representative IV,5/10/2002,Brightdog
Wain Hamstead,whamsteadgc,whamsteadgc@fc2.com,Native Hawaiian and Other Pacific Islander (NHPI),Operator,2/17/2015,Yambee
Bradly Kydde,bkyddegd,bkyddegd@live.com,Thai,Marketing Assistant,8/9/2004,Nlounge
Ninon Hanny,nhannyge,nhannyge@twitpic.com,Bangladeshi,Assistant Media Planner,5/9/2009,Minyx
Jacquelynn Aitkenhead,jaitkenheadgf,jaitkenheadgf@hatena.ne.jp,Lumbee,Occupational Therapist,4/13/2006,Skyble
Carita Halloway,challowaygg,challowaygg@amazon.de,Chickasaw,Executive Secretary,12/25/2016,Blogpad
Pollyanna Sybry,psybrygh,psybrygh@bizjournals.com,Bolivian,Recruiting Manager,5/19/2004,Bubblemix
My Caso,mcasogi,mcasogi@nhs.uk,Crow,Recruiting Manager,7/2/2005,Zoombeat
Nonah Newman,nnewmangj,nnewmangj@artisteer.com,Menominee,Analyst Programmer,6/5/2019,Devpulse
Gabe McManamen,gmcmanamengk,gmcmanamengk@usnews.com,Central American,Senior Developer,12/14/2002,Minyx
Quintin Bradneck,qbradneckgl,qbradneckgl@epa.gov,Dominican (Dominican Republic),Food Chemist,5/5/2000,Skippad
Josselyn Dicker,jdickergm,jdickergm@berkeley.edu,Uruguayan,Product Engineer,5/26/2001,Oyoyo
Guenevere Tate,gtategn,gtategn@virginia.edu,Choctaw,Office Assistant II,12/15/2002,Shuffletag
Emily Rentcome,erentcomego,erentcomego@hud.gov,Venezuelan,Research Nurse,12/31/2009,Jabbersphere
Moira Moralis,mmoralisgp,mmoralisgp@cnet.com,Yuman,Analyst Programmer,3/15/2007,Einti
Bridgette Cassely,bcasselygq,bcasselygq@nature.com,Colombian,Administrative Assistant III,3/15/2011,Browsezoom
Damaris Norville,dnorvillegr,dnorvillegr@cbsnews.com,Chickasaw,Accounting Assistant III,6/10/2005,Realpoint
Oralia Littler,olittlergs,olittlergs@aol.com,Chamorro,Accountant IV,3/31/2013,Jaxspan
Blisse Howler,bhowlergt,bhowlergt@vkontakte.ru,Mexican,Research Assistant I,2/28/2004,Yakidoo
Zerk Scholtz,zscholtzgu,zscholtzgu@tiny.cc,Yuman,Systems Administrator IV,12/11/2011,Riffpath
Prudi Tschierse,ptschiersegv,ptschiersegv@jiathis.com,Malaysian,Nuclear Power Engineer,4/19/2000,Eadel
Ellwood Bethune,ebethunegw,ebethunegw@buzzfeed.com,Black or African American,Senior Quality Engineer,9/22/2019,Demizz
Felipe McCambridge,fmccambridgegx,fmccambridgegx@ebay.co.uk,Costa Rican,Software Consultant,10/15/2009,Eabox
Bert GiacobbiniJacob,bgiacobbinijacobgy,bgiacobbinijacobgy@hatena.ne.jp,Alaskan Athabascan,Assistant Media Planner,4/15/2005,Voonder
Alverta Doughton,adoughtongz,adoughtongz@msn.com,Delaware,Tax Accountant,12/2/2014,Brightdog
Eugenio Frantzeni,efrantzenih0,efrantzenih0@ebay.com,Bolivian,Staff Accountant IV,6/20/2008,Yambee
Sallyann Baldini,sbaldinih1,sbaldinih1@ed.gov,Indonesian,Nuclear Power Engineer,12/21/2006,Nlounge
Barn Redan,bredanh2,bredanh2@php.net,Crow,Senior Developer,10/28/2007,Minyx
Johnna Simonnot,jsimonnoth3,jsimonnoth3@wikipedia.org,Venezuelan,Accountant III,1/22/2019,Skyble
Hildegarde Van Hault,hvanh4,hvanh4@timesonline.co.uk,Paiute,Recruiter,1/15/2014,Blogpad
Patricio Grahamslaw,pgrahamslawh5,pgrahamslawh5@netlog.com,Taiwanese,VP Marketing,11/14/2000,Bubblemix
Felice Austin,faustinh6,faustinh6@marriott.com,Melanesian,Internal Auditor,6/10/2006,Zoombeat
Fanechka O'Hern,fohernh7,fohernh7@ucoz.ru,Cree,Assistant Manager,9/21/2000,Devpulse
Dex Meriel,dmerielh8,dmerielh8@zimbio.com,Ecuadorian,Nurse Practicioner,5/1/2017,Minyx
Normie Higgan,nhigganh9,nhigganh9@omniture.com,Nicaraguan,Community Outreach Specialist,2/11/2001,Skippad
Yorgo German,ygermanha,ygermanha@cloudflare.com,Micronesian,Registered Nurse,4/12/2010,Oyoyo
Arri Schellig,aschellighb,aschellighb@soup.io,Dominican (Dominican Republic),Pharmacist,5/11/2004,Shuffletag
Mable Durand,mdurandhc,mdurandhc@simplemachines.org,Apache,Paralegal,8/14/2014,Jabbersphere
Xena Golly,xgollyhd,xgollyhd@webnode.com,Melanesian,VP Sales,4/29/2009,Einti
Val Van Der Walt,vvanhe,vvanhe@gov.uk,Tlingit-Haida,General Manager,12/12/2018,Browsezoom
Genia Collabine,gcollabinehf,gcollabinehf@chronoengine.com,Tohono O'Odham,Operator,5/15/2018,Realpoint
Marie-ann Overy,moveryhg,moveryhg@cnet.com,Yuman,Senior Developer,2/19/2007,Jaxspan
Emmi Fantini,efantinihh,efantinihh@elegantthemes.com,Crow,Research Assistant III,5/1/2019,Yakidoo
Willy Van Leeuwen,wvanhi,wvanhi@comcast.net,Bangladeshi,Human Resources Assistant II,7/6/2002,Riffpath
Ava Brearty,abreartyhj,abreartyhj@photobucket.com,Pakistani,Pharmacist,9/23/2015,Eadel
Rodge Povah,rpovahhk,rpovahhk@seesaa.net,Tlingit-Haida,Senior Quality Engineer,10/22/2009,Demizz
Celle Jory,cjoryhl,cjoryhl@gravatar.com,Chilean,Developer I,11/19/2001,Eabox
Thedric Godby,tgodbyhm,tgodbyhm@baidu.com,Pima,General Manager,1/8/2019,Voonder
Cyrille Yetts,cyettshn,cyettshn@geocities.com,Native Hawaiian,Staff Accountant IV,2/2/2009,Brightdog
Nicholle Severns,nsevernsho,nsevernsho@bloglovin.com,Venezuelan,Media Manager II,5/8/2018,Yambee
Art Liptrot,aliptrothp,aliptrothp@blog.com,Costa Rican,VP Quality Control,1/4/2017,Nlounge
Sadye Couroy,scouroyhq,scouroyhq@bizjournals.com,Nicaraguan,Editor,4/21/2013,Minyx
Allayne Gulliman,agullimanhr,agullimanhr@businesswire.com,Chilean,Research Associate,5/20/2002,Skyble
Johan Gogin,jgoginhs,jgoginhs@sakura.ne.jp,Black or African American,Design Engineer,3/16/2003,Blogpad
Jada Mollin,jmollinht,jmollinht@ning.com,Potawatomi,Editor,12/20/2007,Bubblemix
Maximilien Leheude,mleheudehu,mleheudehu@princeton.edu,Paiute,Software Engineer I,3/23/2009,Zoombeat
Gib Tweddle,gtweddlehv,gtweddlehv@sohu.com,Cuban,Project Manager,5/8/2015,Devpulse
Ulysses Slessor,uslessorhw,uslessorhw@state.gov,American Indian and Alaska Native (AIAN),Software Consultant,10/13/2003,Minyx
Bucky Witchard,bwitchardhx,bwitchardhx@pen.io,Colombian,Editor,4/22/2000,Skippad
Nevin Feeny,nfeenyhy,nfeenyhy@github.com,Puerto Rican,Structural Engineer,8/4/2018,Oyoyo
Siobhan Niesel,snieselhz,snieselhz@typepad.com,Korean,Dental Hygienist,11/10/2005,Shuffletag
Ferris Redemile,fredemilei0,fredemilei0@gizmodo.com,Shoshone,Financial Analyst,6/21/2000,Jabbersphere
Nicky Englishby,nenglishbyi1,nenglishbyi1@sphinn.com,Cree,VP Marketing,11/26/2015,Einti
Madeline Peaseman,mpeasemani2,mpeasemani2@123-reg.co.uk,Laotian,Senior Developer,11/30/2000,Browsezoom
Kathe Bolstridge,kbolstridgei3,kbolstridgei3@zdnet.com,Latin American Indian,Research Nurse,1/15/2003,Realpoint
Stephie Dugald,sdugaldi4,sdugaldi4@sakura.ne.jp,Korean,Assistant Media Planner,9/23/2005,Jaxspan
Donica Paradin,dparadini5,dparadini5@baidu.com,Filipino,Speech Pathologist,10/18/2003,Yakidoo
Darrell Gray,dgrayi6,dgrayi6@shinystat.com,Asian Indian,Geologist III,10/6/2011,Riffpath
Elinor Longhorn,elonghorni7,elonghorni7@spotify.com,Crow,VP Sales,6/9/2006,Eadel
Benyamin Adlem,badlemi8,badlemi8@gov.uk,Paiute,Structural Analysis Engineer,6/7/2000,Demizz
Hedy McGinty,hmcgintyi9,hmcgintyi9@reverbnation.com,Alaska Native,Web Developer II,11/5/2019,Eabox
Ingrim Parrot,iparrotia,iparrotia@example.com,Puerto Rican,Account Executive,9/19/2014,Voonder
Juana Yeoman,jyeomanib,jyeomanib@cnbc.com,Laotian,Senior Quality Engineer,2/24/2008,Brightdog
Sheffy De Domenici,sdeic,sdeic@yelp.com,Native Hawaiian and Other Pacific Islander (NHPI),Staff Accountant IV,8/10/2011,Yambee
Harriette Galliford,hgallifordid,hgallifordid@sakura.ne.jp,Salvadoran,Analog Circuit Design manager,1/25/2015,Nlounge
Deanna Evenett,devenettie,devenettie@cnbc.com,Yuman,Recruiting Manager,7/21/2017,Minyx
Darda Scardifeild,dscardifeildif,dscardifeildif@infoseek.co.jp,Fijian,Senior Editor,2/20/2000,Skyble
Renaldo Olphert,rolphertig,rolphertig@wired.com,Japanese,VP Quality Control,6/21/2016,Blogpad
Armand Chadwin,achadwinih,achadwinih@163.com,Honduran,Director of Sales,9/22/2007,Bubblemix
Harwell Ivashkov,hivashkovii,hivashkovii@google.it,Hmong,Geological Engineer,11/16/2001,Zoombeat
Heall Wicklen,hwicklenij,hwicklenij@fema.gov,Iroquois,Human Resources Assistant IV,8/24/2012,Devpulse
Tybi Crus,tcrusik,tcrusik@msu.edu,Chamorro,Developer I,11/16/2013,Minyx
Cynde Halfacree,chalfacreeil,chalfacreeil@mail.ru,South American,Programmer Analyst IV,8/8/2018,Skippad
Antonetta Giovannini,agiovanniniim,agiovanniniim@ox.ac.uk,Spaniard,Administrative Officer,8/30/2014,Oyoyo
Benedetto Oleksinski,boleksinskiin,boleksinskiin@bloglovin.com,Iroquois,Social Worker,5/16/2020,Shuffletag
Stanislaus Haulkham,shaulkhamio,shaulkhamio@mail.ru,Delaware,Sales Representative,5/4/2020,Jabbersphere
Lurlene Dumpleton,ldumpletonip,ldumpletonip@topsy.com,Cuban,Senior Sales Associate,3/20/2018,Einti
Renault Jakubczyk,rjakubczykiq,rjakubczykiq@usda.gov,Native Hawaiian,Quality Control Specialist,5/22/2020,Browsezoom
Pebrook Ughi,pughiir,pughiir@behance.net,Korean,Environmental Tech,7/8/2015,Realpoint
Myrtie Stringer,mstringeris,mstringeris@macromedia.com,Latin American Indian,Community Outreach Specialist,12/26/2016,Jaxspan
Robbert Limer,rlimerit,rlimerit@forbes.com,Kiowa,Tax Accountant,11/27/2018,Yakidoo
Gabriello Grahame,ggrahameiu,ggrahameiu@goo.gl,Bolivian,VP Quality Control,5/30/2001,Riffpath
Danny Riggeard,driggeardiv,driggeardiv@abc.net.au,Indonesian,Structural Engineer,2/1/2019,Eadel
Farrel Lukasen,flukaseniw,flukaseniw@infoseek.co.jp,White,Junior Executive,1/29/2016,Demizz
Eadie Crann,ecrannix,ecrannix@washington.edu,Laotian,Systems Administrator II,9/30/2014,Eabox
Angelina Inch,ainchiy,ainchiy@about.com,Blackfeet,Graphic Designer,8/14/2019,Voonder
Aaren Aitchinson,aaitchinsoniz,aaitchinsoniz@thetimes.co.uk,Kiowa,Statistician I,10/15/2000,Brightdog
Tiena Dakers,tdakersj0,tdakersj0@bizjournals.com,Creek,Product Engineer,4/4/2009,Yambee
Kelcey Leinweber,kleinweberj1,kleinweberj1@pagesperso-orange.fr,Guatemalan,Chief Design Engineer,3/3/2003,Nlounge
Charissa Bromby,cbrombyj2,cbrombyj2@prweb.com,Cherokee,Analog Circuit Design manager,8/3/2011,Minyx
Evered Killich,ekillichj3,ekillichj3@spiegel.de,Colombian,Administrative Officer,6/24/2006,Skyble
Caprice Littefair,clittefairj4,clittefairj4@webnode.com,Apache,Research Assistant IV,9/30/2007,Blogpad
Brear Stearnes,bstearnesj5,bstearnesj5@about.com,Salvadoran,Senior Developer,3/6/2008,Bubblemix
Weider Hanmore,whanmorej6,whanmorej6@harvard.edu,Ute,Project Manager,12/2/2001,Zoombeat
Jacintha Pinhorn,jpinhornj7,jpinhornj7@xrea.com,Native Hawaiian and Other Pacific Islander (NHPI),Data Coordiator,4/19/2003,Devpulse
Malinda Manoelli,mmanoellij8,mmanoellij8@skyrock.com,Seminole,VP Product Management,5/26/2010,Minyx
Edna Beauchop,ebeauchopj9,ebeauchopj9@flickr.com,Samoan,Accountant II,9/2/2006,Skippad
Holly Abramovitch,habramovitchja,habramovitchja@ameblo.jp,Aleut,Staff Scientist,10/31/2000,Oyoyo
Tulley Thornton-Dewhirst,tthorntondewhirstjb,tthorntondewhirstjb@howstuffworks.com,Puerto Rican,Product Engineer,6/1/2001,Shuffletag
Karrah Slucock,kslucockjc,kslucockjc@patch.com,Osage,Legal Assistant,6/11/2012,Jabbersphere
Patrizio Caplis,pcaplisjd,pcaplisjd@hatena.ne.jp,Native Hawaiian,Clinical Specialist,2/25/2006,Einti
Sofia Le Grys,sleje,sleje@goo.gl,Cree,Help Desk Technician,7/5/2015,Browsezoom
Kristan Odd,koddjf,koddjf@washington.edu,Colville,Geologist II,9/24/2009,Realpoint
Kaja Jarville,kjarvillejg,kjarvillejg@youtu.be,Iroquois,Professor,6/6/2010,Jaxspan
Brear Glowinski,bglowinskijh,bglowinskijh@examiner.com,Cree,Technical Writer,7/27/2008,Yakidoo
Udall Brimley,ubrimleyji,ubrimleyji@cdc.gov,Seminole,Office Assistant I,4/7/2020,Riffpath
Denna Swindell,dswindelljj,dswindelljj@si.edu,Yakama,Nurse,3/31/2008,Eadel
Annecorinne Strettell,astrettelljk,astrettelljk@columbia.edu,Polynesian,Compensation Analyst,6/30/2009,Demizz
Kimbra Bartolomeo,kbartolomeojl,kbartolomeojl@issuu.com,Thai,Web Designer III,4/8/2019,Eabox
Chicky Tustin,ctustinjm,ctustinjm@taobao.com,Cuban,Office Assistant I,4/5/2003,Voonder
Efrem Fonzo,efonzojn,efonzojn@phoca.cz,Osage,Executive Secretary,9/7/2015,Brightdog
Jacquelin Pettie,jpettiejo,jpettiejo@bizjournals.com,Cuban,Product Engineer,2/17/2008,Yambee
Christoforo Listone,clistonejp,clistonejp@columbia.edu,Fijian,Research Nurse,7/14/2011,Nlounge
Dani Skerratt,dskerrattjq,dskerrattjq@reddit.com,Native Hawaiian and Other Pacific Islander (NHPI),Data Coordiator,4/14/2020,Minyx
Arvy Goldfinch,agoldfinchjr,agoldfinchjr@discovery.com,Delaware,Software Test Engineer I,5/19/2000,Skyble
Dedra Riccardi,driccardijs,driccardijs@nydailynews.com,Yuman,Safety Technician IV,2/17/2010,Blogpad
Richart Klimaszewski,rklimaszewskijt,rklimaszewskijt@sfgate.com,Chilean,Programmer Analyst II,11/19/2002,Bubblemix
Farly Cowitz,fcowitzju,fcowitzju@discuz.net,Aleut,Civil Engineer,12/11/2002,Zoombeat
Chery Cowe,ccowejv,ccowejv@google.ru,Hmong,Civil Engineer,4/20/2011,Devpulse
Benjamin Weinberg,bweinbergjw,bweinbergjw@ibm.com,American Indian and Alaska Native (AIAN),Pharmacist,11/16/2014,Minyx
Joshuah Booth,jboothjx,jboothjx@loc.gov,Yakama,VP Marketing,1/30/2014,Skippad
Gale Beswell,gbeswelljy,gbeswelljy@1688.com,Colombian,Design Engineer,11/10/2010,Oyoyo
Nat Boule,nboulejz,nboulejz@usnews.com,Menominee,Financial Analyst,4/24/2009,Shuffletag
Mitchel Uzelli,muzellik0,muzellik0@exblog.jp,Seminole,Software Consultant,8/17/2010,Jabbersphere
Darryl Battelle,dbattellek1,dbattellek1@apache.org,Chilean,Senior Developer,4/9/2004,Einti
Dusty Bartalin,dbartalink2,dbartalink2@gizmodo.com,Cheyenne,Associate Professor,8/19/2001,Browsezoom
Maye Chatters,mchattersk3,mchattersk3@cmu.edu,Puget Sound Salish,Payment Adjustment Coordinator,1/4/2017,Realpoint
Lauren Greenham,lgreenhamk4,lgreenhamk4@foxnews.com,Yaqui,Software Test Engineer IV,8/7/2012,Jaxspan
Shellie Lambregts,slambregtsk5,slambregtsk5@blogs.com,Sioux,Financial Analyst,1/31/2000,Yakidoo
Gawain Staniford,gstanifordk6,gstanifordk6@timesonline.co.uk,Japanese,Financial Advisor,7/20/2019,Riffpath
Mac Mallison,mmallisonk7,mmallisonk7@spiegel.de,Puget Sound Salish,Director of Sales,7/10/2000,Eadel
Pen Presshaugh,ppresshaughk8,ppresshaughk8@shinystat.com,Yakama,Analyst Programmer,8/13/2001,Demizz
Stepha Hows,showsk9,showsk9@army.mil,Colombian,Project Manager,9/27/2014,Eabox
Fletcher Vanyutin,fvanyutinka,fvanyutinka@cafepress.com,Salvadoran,Analog Circuit Design manager,3/14/2012,Voonder
Michaeline Fick,mfickkb,mfickkb@biblegateway.com,Taiwanese,Financial Analyst,11/23/2000,Brightdog
Jacinta Bendin,jbendinkc,jbendinkc@nih.gov,Colville,General Manager,11/8/2012,Yambee
Ermina Kupis,ekupiskd,ekupiskd@sbwire.com,Salvadoran,Structural Engineer,8/18/2018,Nlounge
Johan Cordaroy,jcordaroyke,jcordaroyke@tiny.cc,Pueblo,Mechanical Systems Engineer,8/26/2017,Minyx
Aymer Brugsma,abrugsmakf,abrugsmakf@jiathis.com,Aleut,Product Engineer,4/5/2006,Skyble
Renaldo Ball,rballkg,rballkg@mail.ru,Colombian,Dental Hygienist,6/19/2007,Blogpad
Jillayne Seggie,jseggiekh,jseggiekh@macromedia.com,Alaska Native,Tax Accountant,1/5/2020,Bubblemix
Haroun Chorlton,hchorltonki,hchorltonki@e-recht24.de,Ottawa,Environmental Tech,11/6/2006,Zoombeat
Tabb Greensides,tgreensideskj,tgreensideskj@reuters.com,Latin American Indian,Electrical Engineer,1/14/2013,Devpulse
Dru Shevell,dshevellkk,dshevellkk@economist.com,Nicaraguan,Nurse Practicioner,7/4/2011,Minyx
Walker Warin,wwarinkl,wwarinkl@google.it,Tohono O'Odham,Budget/Accounting Analyst IV,4/1/2000,Skippad
Ezekiel Kemery,ekemerykm,ekemerykm@google.co.uk,Pueblo,Environmental Specialist,2/17/2010,Oyoyo
Merry Mumbeson,mmumbesonkn,mmumbesonkn@ucoz.ru,Aleut,Actuary,1/2/2010,Shuffletag
Roosevelt Walster,rwalsterko,rwalsterko@salon.com,Panamanian,Food Chemist,1/10/2006,Jabbersphere
Brocky Tennet,btennetkp,btennetkp@paginegialle.it,Guatemalan,Assistant Media Planner,5/25/2014,Einti
Rebecca Stollberg,rstollbergkq,rstollbergkq@bandcamp.com,Navajo,VP Accounting,4/1/2019,Browsezoom
Denys Schimoni,dschimonikr,dschimonikr@ocn.ne.jp,Houma,Help Desk Operator,4/10/2018,Realpoint
Harmonie Dickey,hdickeyks,hdickeyks@stumbleupon.com,Puget Sound Salish,Senior Sales Associate,5/23/2016,Jaxspan
Bendix Speer,bspeerkt,bspeerkt@unblog.fr,Chippewa,Assistant Manager,6/2/2006,Yakidoo
Sheelah Sothern,ssothernku,ssothernku@diigo.com,Melanesian,Engineer I,2/2/2020,Riffpath
Addy Veltman,aveltmankv,aveltmankv@dion.ne.jp,Guatemalan,Web Developer II,10/23/2000,Eadel
Mirelle Scutcheon,mscutcheonkw,mscutcheonkw@tinypic.com,Polynesian,Research Assistant I,10/29/2008,Demizz
Veronike Thomassen,vthomassenkx,vthomassenkx@house.gov,Osage,Recruiter,7/11/2000,Eabox
Corine Danielkiewicz,cdanielkiewiczky,cdanielkiewiczky@themeforest.net,American Indian,Cost Accountant,4/16/2008,Voonder
Dolley Cymper,dcymperkz,dcymperkz@ucoz.com,Yuman,Cost Accountant,5/5/2007,Brightdog
Beverie Pochon,bpochonl0,bpochonl0@ow.ly,Houma,Research Nurse,10/15/2019,Yambee
Ettie Bartak,ebartakl1,ebartakl1@latimes.com,Chamorro,Senior Quality Engineer,3/23/2014,Nlounge
Tanny Molesworth,tmolesworthl2,tmolesworthl2@wikispaces.com,Puget Sound Salish,Director of Sales,2/9/2003,Minyx
Hewe Keeney,hkeeneyl3,hkeeneyl3@mapy.cz,Laotian,Staff Scientist,1/24/2000,Skyble
Liesa Deners,ldenersl4,ldenersl4@weather.com,Chinese,Dental Hygienist,1/13/2004,Blogpad
Donna Cecchetelli,dcecchetellil5,dcecchetellil5@vk.com,Indonesian,Structural Analysis Engineer,4/29/2007,Bubblemix
Sancho Mozzetti,smozzettil6,smozzettil6@nbcnews.com,Chinese,GIS Technical Architect,1/1/2007,Zoombeat
Minor Gerssam,mgerssaml7,mgerssaml7@bloglines.com,Ottawa,Account Executive,11/15/2012,Devpulse
Candie O'Loughnan,coloughnanl8,coloughnanl8@techcrunch.com,Asian Indian,Staff Scientist,1/23/2019,Minyx
Oswell Tuckwood,otuckwoodl9,otuckwoodl9@amazon.com,Chinese,Electrical Engineer,11/14/2004,Skippad
Berkly Gillings,bgillingsla,bgillingsla@google.fr,Puerto Rican,Dental Hygienist,3/6/2011,Oyoyo
Burke Lambdean,blambdeanlb,blambdeanlb@facebook.com,Ecuadorian,General Manager,9/13/2001,Shuffletag
Karena Stirrip,kstirriplc,kstirriplc@narod.ru,Peruvian,Help Desk Technician,1/6/2020,Jabbersphere
Yulma Ogilby,yogilbyld,yogilbyld@boston.com,Sioux,Senior Cost Accountant,8/25/2016,Einti
Petey Daud,pdaudle,pdaudle@google.co.jp,Malaysian,Media Manager II,10/26/2012,Browsezoom
Simonne Garey,sgareylf,sgareylf@go.com,Costa Rican,Biostatistician II,6/5/2012,Realpoint
Alastair Ceney,aceneylg,aceneylg@homestead.com,Latin American Indian,Civil Engineer,12/22/2003,Jaxspan
Garrott Lusher,glusherlh,glusherlh@goodreads.com,Honduran,Marketing Assistant,3/10/2006,Yakidoo
Hamel Readwin,hreadwinli,hreadwinli@ucla.edu,Yuman,Social Worker,6/28/2010,Riffpath
Alexis De Cruz,adelj,adelj@blogger.com,American Indian and Alaska Native (AIAN),Software Test Engineer IV,2/8/2013,Eadel
Marillin Smolan,msmolanlk,msmolanlk@gizmodo.com,Chilean,Actuary,4/11/2014,Demizz
Emmalyn Cunradi,ecunradill,ecunradill@so-net.ne.jp,Laotian,Human Resources Manager,6/5/2008,Eabox
Monro Whitten,mwhittenlm,mwhittenlm@cbc.ca,Korean,Electrical Engineer,11/9/2011,Voonder
Forrester Jeffs,fjeffsln,fjeffsln@vk.com,Thai,Clinical Specialist,1/5/2014,Brightdog
Genni Scattergood,gscattergoodlo,gscattergoodlo@smugmug.com,American Indian and Alaska Native (AIAN),Director of Sales,2/11/2003,Yambee
Archambault Charville,acharvillelp,acharvillelp@symantec.com,Honduran,Recruiter,2/17/2003,Nlounge
Cybill Wickersley,cwickersleylq,cwickersleylq@ted.com,Chinese,Senior Sales Associate,3/22/2013,Minyx
Carmina Lurcock,clurcocklr,clurcocklr@phoca.cz,Micronesian,Project Manager,3/17/2016,Skyble
Darnell Bissett,dbissettls,dbissettls@columbia.edu,Thai,Actuary,2/14/2003,Blogpad
Darb Plet,dpletlt,dpletlt@usgs.gov,Paraguayan,Clinical Specialist,10/14/2011,Bubblemix
Dacia Sawfoot,dsawfootlu,dsawfootlu@linkedin.com,Polynesian,Librarian,6/21/2001,Zoombeat
Agnella Semkins,asemkinslv,asemkinslv@uol.com.br,Samoan,Software Test Engineer III,9/6/2006,Devpulse
Madel Jotcham,mjotchamlw,mjotchamlw@omniture.com,Micronesian,Environmental Specialist,4/19/2000,Minyx
Grata Gibby,ggibbylx,ggibbylx@epa.gov,Tongan,Physical Therapy Assistant,2/23/2013,Skippad
Coralyn Hurst,churstly,churstly@java.com,Central American,Computer Systems Analyst III,9/23/2002,Oyoyo
Hubie Reuther,hreutherlz,hreutherlz@sina.com.cn,Salvadoran,Developer I,2/10/2020,Shuffletag
Lesley MacCurtain,lmaccurtainm0,lmaccurtainm0@whitehouse.gov,Colombian,Programmer Analyst I,7/10/2007,Jabbersphere
Bard Lethardy,blethardym1,blethardym1@samsung.com,Taiwanese,Nurse Practicioner,9/18/2014,Einti
Ferrell Scawn,fscawnm2,fscawnm2@booking.com,Yakama,Product Engineer,5/31/2010,Browsezoom
Skippy Westbury,swestburym3,swestburym3@admin.ch,Apache,Media Manager II,6/23/2015,Realpoint
Hyacinthie Ioan,hioanm4,hioanm4@ucoz.ru,Mexican,Programmer Analyst IV,1/29/2007,Jaxspan
Maressa Brackenridge,mbrackenridgem5,mbrackenridgem5@unblog.fr,Salvadoran,Business Systems Development Analyst,12/12/2019,Yakidoo
Halimeda Kamien,hkamienm6,hkamienm6@bluehost.com,Kiowa,Payment Adjustment Coordinator,2/27/2004,Riffpath
Orlan Kaplan,okaplanm7,okaplanm7@walmart.com,Argentinian,Geologist III,11/30/2001,Eadel
Bax Coniam,bconiamm8,bconiamm8@aboutads.info,Argentinian,Software Test Engineer IV,5/18/2007,Demizz
Elwin Busain,ebusainm9,ebusainm9@dmoz.org,White,Information Systems Manager,9/27/2013,Eabox
Estella Abreheart,eabreheartma,eabreheartma@eventbrite.com,Taiwanese,Registered Nurse,10/29/2000,Voonder
Ariel Fache,afachemb,afachemb@ning.com,White,Structural Analysis Engineer,5/25/2018,Brightdog
Chaddie Greenrde,cgreenrdemc,cgreenrdemc@nydailynews.com,Tohono O'Odham,Nurse Practicioner,4/20/2019,Yambee
Alayne Pol,apolmd,apolmd@blogspot.com,Creek,Cost Accountant,9/29/2004,Nlounge
Ashlie Filippazzo,afilippazzome,afilippazzome@webeden.co.uk,Puerto Rican,Nurse,7/7/2015,Minyx
Anallese Greene,agreenemf,agreenemf@homestead.com,Peruvian,Compensation Analyst,6/15/2006,Skyble
Kennan Bridel,kbridelmg,kbridelmg@umn.edu,Paraguayan,Social Worker,2/5/2013,Blogpad
Rodd Nashe,rnashemh,rnashemh@nsw.gov.au,Taiwanese,Business Systems Development Analyst,12/12/2015,Bubblemix
Gabby Gebuhr,ggebuhrmi,ggebuhrmi@ox.ac.uk,Choctaw,Sales Associate,10/24/2007,Zoombeat
Merwin Birchill,mbirchillmj,mbirchillmj@blogs.com,Argentinian,Occupational Therapist,3/21/2006,Devpulse
Levin Juliano,ljulianomk,ljulianomk@spiegel.de,Central American,Senior Cost Accountant,10/1/2009,Minyx
Caril Hubbucks,chubbucksml,chubbucksml@ow.ly,Asian Indian,Community Outreach Specialist,1/21/2018,Skippad
Ethelyn Di Pietro,edimm,edimm@ycombinator.com,Asian,Professor,8/18/2003,Oyoyo
Hussein Ethridge,hethridgemn,hethridgemn@ibm.com,Alaska Native,Executive Secretary,1/15/2001,Shuffletag
Ellissa Rolston,erolstonmo,erolstonmo@noaa.gov,Paraguayan,Civil Engineer,11/1/2015,Jabbersphere
Kathe Kingswood,kkingswoodmp,kkingswoodmp@prlog.org,Samoan,Software Test Engineer II,12/31/2015,Einti
Della Baldam,dbaldammq,dbaldammq@weibo.com,Malaysian,Geological Engineer,12/24/2013,Browsezoom
Carlyn Gartin,cgartinmr,cgartinmr@qq.com,Vietnamese,Paralegal,10/21/2001,Realpoint
Dosi Attack,dattackms,dattackms@timesonline.co.uk,Guatemalan,Director of Sales,1/26/2010,Jaxspan
Johanna Doers,jdoersmt,jdoersmt@so-net.ne.jp,Menominee,Junior Executive,10/9/2019,Yakidoo
Jeniffer Sparsholt,jsparsholtmu,jsparsholtmu@trellian.com,Guamanian,Food Chemist,9/30/2015,Riffpath
Shepperd Arrault,sarraultmv,sarraultmv@nationalgeographic.com,Polynesian,Sales Associate,4/15/2011,Eadel
Minerva Vellden,mvelldenmw,mvelldenmw@dmoz.org,Tongan,Staff Accountant I,9/2/2003,Demizz
Letty MacAndreis,lmacandreismx,lmacandreismx@time.com,Ottawa,Financial Analyst,4/29/2003,Eabox
Liesa McWhorter,lmcwhortermy,lmcwhortermy@drupal.org,Black or African American,Developer I,7/17/2017,Voonder
Dominica Brookshaw,dbrookshawmz,dbrookshawmz@phoca.cz,Iroquois,Marketing Assistant,3/15/2016,Brightdog
Bret Windebank,bwindebankn0,bwindebankn0@sfgate.com,Pima,Marketing Assistant,8/20/2001,Yambee
Ad Kobpal,akobpaln1,akobpaln1@over-blog.com,Bangladeshi,Tax Accountant,3/5/2019,Nlounge
Dorette Mishow,dmishown2,dmishown2@is.gd,Cherokee,Civil Engineer,5/6/2012,Minyx
Si Sheavills,ssheavillsn3,ssheavillsn3@spotify.com,Costa Rican,Quality Control Specialist,2/5/2006,Skyble
Annabelle Gerrad,agerradn4,agerradn4@topsy.com,Ottawa,VP Product Management,5/14/2014,Blogpad
Angie Ianiello,aianiellon5,aianiellon5@webeden.co.uk,Lumbee,Office Assistant IV,1/31/2013,Bubblemix
Tiffany Erbain,terbainn6,terbainn6@is.gd,Crow,Compensation Analyst,4/21/2001,Zoombeat
Gibbie Chatin,gchatinn7,gchatinn7@multiply.com,Taiwanese,Computer Systems Analyst IV,5/5/2020,Devpulse
Delmer Vero,dveron8,dveron8@aol.com,Costa Rican,Research Associate,9/6/2006,Minyx
Giovanna Bagnal,gbagnaln9,gbagnaln9@cafepress.com,Eskimo,Software Engineer I,3/5/2003,Skippad
Cori Ahrenius,cahreniusna,cahreniusna@wisc.edu,Indonesian,Senior Developer,4/27/2010,Oyoyo
Valenka MacScherie,vmacscherienb,vmacscherienb@list-manage.com,Ottawa,Senior Developer,7/16/2016,Shuffletag
Ed Salkild,esalkildnc,esalkildnc@ucsd.edu,White,Associate Professor,8/31/2011,Jabbersphere
Laurent Leaney,lleaneynd,lleaneynd@myspace.com,Japanese,Accountant III,7/19/2003,Einti
Martha Gounel,mgounelne,mgounelne@wordpress.org,Lumbee,Editor,8/24/2009,Browsezoom
Randolph Eyrl,reyrlnf,reyrlnf@webmd.com,Ottawa,Software Consultant,1/1/2010,Realpoint
Davin Springthorpe,dspringthorpeng,dspringthorpeng@sakura.ne.jp,Pima,Business Systems Development Analyst,8/3/2005,Jaxspan
Hyacinthia Hoff,hhoffnh,hhoffnh@oakley.com,Ecuadorian,Environmental Specialist,6/7/2018,Yakidoo
Felipe Malimoe,fmalimoeni,fmalimoeni@ucoz.ru,Houma,Project Manager,10/30/2012,Riffpath
Anabel Schruyer,aschruyernj,aschruyernj@globo.com,Paraguayan,Paralegal,7/22/2001,Eadel
Patric Buddleigh,pbuddleighnk,pbuddleighnk@csmonitor.com,South American,Accounting Assistant III,4/20/2003,Demizz
Sterne Newart,snewartnl,snewartnl@msn.com,Thai,Software Consultant,3/8/2013,Eabox
Karin Frank,kfranknm,kfranknm@jigsy.com,Sri Lankan,Director of Sales,7/24/2003,Voonder
Harold Spendlove,hspendlovenn,hspendlovenn@pinterest.com,Apache,Staff Accountant III,1/20/2018,Brightdog
Alistair Killford,akillfordno,akillfordno@hud.gov,Mexican,Research Associate,8/26/2016,Yambee
Courtnay Garber,cgarbernp,cgarbernp@ehow.com,Japanese,Computer Systems Analyst II,7/5/2004,Nlounge
Durward Frissell,dfrissellnq,dfrissellnq@baidu.com,Blackfeet,Civil Engineer,10/31/2009,Minyx
Kenny Awty,kawtynr,kawtynr@businesswire.com,Blackfeet,Business Systems Development Analyst,5/18/2006,Skyble
Andre Arpe,aarpens,aarpens@is.gd,Choctaw,Help Desk Operator,11/21/2005,Blogpad
Mariquilla Mooreed,mmooreednt,mmooreednt@opensource.org,Malaysian,Programmer Analyst III,2/25/2001,Bubblemix
Sanders Ruck,srucknu,srucknu@stanford.edu,Potawatomi,Civil Engineer,2/28/2014,Zoombeat
Luz Brookshaw,lbrookshawnv,lbrookshawnv@nytimes.com,Korean,Compensation Analyst,9/28/2005,Devpulse
Analiese Labbey,alabbeynw,alabbeynw@deliciousdays.com,Creek,Speech Pathologist,8/3/2013,Minyx
Warner Royall,wroyallnx,wroyallnx@ftc.gov,Seminole,GIS Technical Architect,5/24/2008,Skippad
Blancha Caspell,bcaspellny,bcaspellny@woothemes.com,Cree,Systems Administrator III,2/23/2002,Oyoyo
Iver Rawle,irawlenz,irawlenz@google.co.jp,Ecuadorian,Administrative Officer,4/25/2020,Shuffletag
Kelcey Basso,kbassoo0,kbassoo0@usa.gov,Puerto Rican,Mechanical Systems Engineer,1/9/2008,Jabbersphere
Meara Asp,maspo1,maspo1@xing.com,American Indian and Alaska Native (AIAN),Accounting Assistant I,12/7/2015,Einti
Jobi Deverose,jdeveroseo2,jdeveroseo2@google.ru,Colville,Accounting Assistant IV,10/4/2007,Browsezoom
Kerrin Beek,kbeeko3,kbeeko3@amazon.de,Chilean,Payment Adjustment Coordinator,11/7/2005,Realpoint
Gibbie Elcock,gelcocko4,gelcocko4@mail.ru,Kiowa,Environmental Tech,5/6/2000,Jaxspan
Harrison Ferronet,hferroneto5,hferroneto5@cdbaby.com,Eskimo,Assistant Professor,3/28/2017,Yakidoo
Jessalyn Dunan,jdunano6,jdunano6@miitbeian.gov.cn,Fijian,Technical Writer,12/12/2011,Riffpath
Tymon Jackman,tjackmano7,tjackmano7@irs.gov,American Indian and Alaska Native (AIAN),Project Manager,5/9/2000,Eadel
Arman Sparey,aspareyo8,aspareyo8@webs.com,Alaskan Athabascan,Sales Associate,12/23/2011,Demizz
Luca Hassall,lhassallo9,lhassallo9@shinystat.com,Menominee,Accountant II,5/26/2008,Eabox
Fernandina Mortel,fmorteloa,fmorteloa@mtv.com,Chinese,Speech Pathologist,10/3/2018,Voonder
Andonis Trowl,atrowlob,atrowlob@ask.com,Vietnamese,Statistician III,11/9/2004,Brightdog
Conan Pelosi,cpelosioc,cpelosioc@noaa.gov,Hmong,VP Sales,4/14/2007,Yambee
Ginevra Willeson,gwillesonod,gwillesonod@microsoft.com,Panamanian,Research Nurse,2/24/2013,Nlounge
Corabelle Kenion,ckenionoe,ckenionoe@mashable.com,Native Hawaiian,Account Representative III,6/12/2018,Minyx
Nowell McCawley,nmccawleyof,nmccawleyof@ifeng.com,Puerto Rican,Programmer I,10/21/2002,Skyble
Tersina Thamelt,tthameltog,tthameltog@fema.gov,Taiwanese,Social Worker,12/11/2008,Blogpad
Maurice Salzburger,msalzburgeroh,msalzburgeroh@baidu.com,Osage,Human Resources Manager,5/19/2016,Bubblemix
Florian Ferres,fferresoi,fferresoi@oakley.com,Chilean,Cost Accountant,10/12/2011,Zoombeat
Zachary Parkyns,zparkynsoj,zparkynsoj@washingtonpost.com,Yakama,Product Engineer,12/10/2017,Devpulse
Mellisa Churching,mchurchingok,mchurchingok@chron.com,Kiowa,Health Coach I,12/3/2003,Minyx
Veradis Di Biasi,vdiol,vdiol@typepad.com,Yuman,VP Product Management,3/23/2020,Skippad
Tanny Bruckent,tbruckentom,tbruckentom@seattletimes.com,White,General Manager,10/6/2000,Oyoyo
Fancie Copes,fcopeson,fcopeson@google.cn,Lumbee,Director of Sales,7/15/2018,Shuffletag
Andrus Roskell,aroskelloo,aroskelloo@ucla.edu,Japanese,Programmer Analyst III,4/18/2008,Jabbersphere
Allegra Bourdel,abourdelop,abourdelop@ning.com,Bangladeshi,Software Consultant,1/4/2010,Einti
Roxy Kennington,rkenningtonoq,rkenningtonoq@gravatar.com,Cherokee,Actuary,1/23/2013,Browsezoom
Bran Padilla,bpadillaor,bpadillaor@foxnews.com,Uruguayan,Research Assistant II,1/8/2000,Realpoint
Gladi Weal,gwealos,gwealos@apache.org,Venezuelan,Speech Pathologist,7/19/2007,Jaxspan
Hart Domesday,hdomesdayot,hdomesdayot@yandex.ru,Puget Sound Salish,Systems Administrator I,4/14/2006,Yakidoo
Dian Talmadge,dtalmadgeou,dtalmadgeou@themeforest.net,Houma,Software Test Engineer III,5/11/2019,Riffpath
Gail Arthur,garthurov,garthurov@exblog.jp,Fijian,Account Representative II,2/4/2011,Eadel
Sharai Jemmison,sjemmisonow,sjemmisonow@cisco.com,Taiwanese,Nurse Practicioner,8/22/2012,Demizz
Woodman Souch,wsouchox,wsouchox@wp.com,Comanche,Software Engineer III,11/18/2014,Eabox
Ernst O' Clovan,eooy,eooy@census.gov,Tlingit-Haida,Senior Developer,1/8/2010,Voonder
Felic Winsor,fwinsoroz,fwinsoroz@jimdo.com,White,Nurse Practicioner,1/8/2001,Brightdog
Cammie Pighills,cpighillsp0,cpighillsp0@spotify.com,Puget Sound Salish,Human Resources Assistant IV,3/31/2014,Yambee
Rafa Stonhewer,rstonhewerp1,rstonhewerp1@fema.gov,Bangladeshi,Professor,3/16/2018,Nlounge
Hakeem Truelock,htruelockp2,htruelockp2@harvard.edu,Honduran,Data Coordiator,7/12/2008,Minyx
Adair Lightewood,alightewoodp3,alightewoodp3@kickstarter.com,Crow,Senior Editor,2/13/2016,Skyble
Zelma Kynd,zkyndp4,zkyndp4@blog.com,Sioux,Senior Editor,1/9/2014,Blogpad
Aylmar Cloke,aclokep5,aclokep5@comcast.net,White,VP Sales,6/17/2018,Bubblemix
Bil Philpault,bphilpaultp6,bphilpaultp6@desdev.cn,Shoshone,Analog Circuit Design manager,12/29/2010,Zoombeat
Noble Dowdam,ndowdamp7,ndowdamp7@weibo.com,Yuman,Quality Engineer,10/28/2007,Devpulse
Terrell Muspratt,tmusprattp8,tmusprattp8@multiply.com,White,General Manager,12/11/2016,Minyx
Bentley Portugal,bportugalp9,bportugalp9@usgs.gov,Dominican (Dominican Republic),Geological Engineer,11/8/2011,Skippad
Nana Turmall,nturmallpa,nturmallpa@latimes.com,South American,Recruiter,6/30/2013,Oyoyo
Magnum Bygrave,mbygravepb,mbygravepb@tripadvisor.com,Guamanian,Professor,6/21/2010,Shuffletag
Stern Driutti,sdriuttipc,sdriuttipc@sitemeter.com,Nicaraguan,Technical Writer,4/17/2014,Jabbersphere
Rod Emett,remettpd,remettpd@imgur.com,Salvadoran,Design Engineer,9/8/2007,Einti
Roselin Edlin,redlinpe,redlinpe@admin.ch,Crow,Assistant Manager,4/12/2016,Browsezoom
Ferris Trathan,ftrathanpf,ftrathanpf@angelfire.com,Salvadoran,Analyst Programmer,8/28/2006,Realpoint
Robin Poad,rpoadpg,rpoadpg@umich.edu,Osage,Compensation Analyst,2/25/2018,Jaxspan
Claire oldey,coldeyph,coldeyph@deviantart.com,Crow,Recruiting Manager,11/25/2005,Yakidoo
Anatol Cosgrive,acosgrivepi,acosgrivepi@whitehouse.gov,Cree,Accountant II,6/5/2004,Riffpath
Walden McTrustram,wmctrustrampj,wmctrustrampj@va.gov,Venezuelan,Geologist IV,11/3/2017,Eadel
Wylma Ronisch,wronischpk,wronischpk@apache.org,Paiute,Data Coordiator,1/1/2007,Demizz
De Howford,dhowfordpl,dhowfordpl@skyrock.com,Creek,Research Associate,12/28/2000,Eabox
Rodd Zanassi,rzanassipm,rzanassipm@cnet.com,Taiwanese,Quality Engineer,6/15/2016,Voonder
Udale Burroughes,uburroughespn,uburroughespn@purevolume.com,Chamorro,Programmer Analyst I,11/27/2001,Brightdog
Breanne Sevitt,bsevittpo,bsevittpo@woothemes.com,Alaskan Athabascan,Engineer I,5/4/2002,Yambee
Miran Gauntlett,mgauntlettpp,mgauntlettpp@cam.ac.uk,Creek,Teacher,8/11/2004,Nlounge
Ernie Drinkhill,edrinkhillpq,edrinkhillpq@dmoz.org,Micronesian,Office Assistant II,1/7/2004,Minyx
Dotti Roscow,droscowpr,droscowpr@comcast.net,Cheyenne,Nuclear Power Engineer,6/8/2005,Skyble
Winny MacGillavery,wmacgillaveryps,wmacgillaveryps@yandex.ru,Panamanian,Sales Representative,11/30/2018,Blogpad
Marj Coop,mcooppt,mcooppt@flickr.com,Comanche,Web Developer I,6/10/2012,Bubblemix
Janetta Sancroft,jsancroftpu,jsancroftpu@sina.com.cn,Cuban,Accountant III,4/2/2008,Zoombeat
Terrijo Lebell,tlebellpv,tlebellpv@storify.com,Colville,Cost Accountant,4/16/2006,Devpulse
Maximilianus Bevir,mbevirpw,mbevirpw@dmoz.org,South American,VP Marketing,1/2/2016,Minyx
Zaccaria Reven,zrevenpx,zrevenpx@addthis.com,Colombian,Associate Professor,10/13/2010,Skippad
Desmond Tuckerman,dtuckermanpy,dtuckermanpy@chicagotribune.com,Cherokee,Recruiting Manager,8/29/2005,Oyoyo
Bald Towler,btowlerpz,btowlerpz@tmall.com,Pima,VP Accounting,3/30/2013,Shuffletag
Ottilie Whanstall,owhanstallq0,owhanstallq0@weather.com,Ecuadorian,Dental Hygienist,11/17/2004,Jabbersphere
Axe Gristhwaite,agristhwaiteq1,agristhwaiteq1@gravatar.com,Ute,Paralegal,1/24/2019,Einti
Lennard Wankel,lwankelq2,lwankelq2@cisco.com,Menominee,Automation Specialist III,5/7/2000,Browsezoom
Sonia Hamson,shamsonq3,shamsonq3@jigsy.com,Aleut,Developer III,12/18/2003,Realpoint
Chev Cherry,ccherryq4,ccherryq4@merriam-webster.com,Yuman,Environmental Tech,11/26/2004,Jaxspan
Jere Iapico,jiapicoq5,jiapicoq5@nationalgeographic.com,Peruvian,Analyst Programmer,10/29/2018,Yakidoo
Erhart Issakov,eissakovq6,eissakovq6@blinklist.com,Yakama,Biostatistician III,3/26/2001,Riffpath
Althea Jirik,ajirikq7,ajirikq7@nature.com,Blackfeet,Marketing Assistant,3/16/2002,Eadel
Ruben Chataignier,rchataignierq8,rchataignierq8@cam.ac.uk,Colville,VP Product Management,2/26/2001,Demizz
Adena Halworth,ahalworthq9,ahalworthq9@msu.edu,Mexican,Product Engineer,12/1/2014,Eabox
Willem Forrestall,wforrestallqa,wforrestallqa@nba.com,Costa Rican,Legal Assistant,11/26/2011,Voonder
Olenka Tambling,otamblingqb,otamblingqb@whitehouse.gov,Choctaw,Chemical Engineer,12/25/2019,Brightdog
Vicky Meadley,vmeadleyqc,vmeadleyqc@blogs.com,Ecuadorian,Biostatistician II,11/24/2005,Yambee
Elka Domke,edomkeqd,edomkeqd@shop-pro.jp,Micronesian,Office Assistant II,12/10/2010,Nlounge
Genevieve Jull,gjullqe,gjullqe@auda.org.au,Samoan,Financial Analyst,5/15/2004,Minyx
Zane McDougle,zmcdougleqf,zmcdougleqf@google.nl,Pima,Associate Professor,11/9/2004,Skyble
Pen Poulden,ppouldenqg,ppouldenqg@cnn.com,Choctaw,Director of Sales,11/17/2017,Blogpad
Rance Boanas,rboanasqh,rboanasqh@topsy.com,American Indian,Food Chemist,8/26/2019,Bubblemix
Ellwood Jerosch,ejeroschqi,ejeroschqi@cbc.ca,Puerto Rican,Analog Circuit Design manager,7/20/2009,Zoombeat
Anson Gallienne,agallienneqj,agallienneqj@nydailynews.com,Ottawa,Technical Writer,11/14/2017,Devpulse
Alisha Sworn,aswornqk,aswornqk@usgs.gov,Taiwanese,Programmer I,8/12/2009,Minyx
Meara Kainz,mkainzql,mkainzql@g.co,South American,Budget/Accounting Analyst III,9/6/2006,Skippad
Royall Twinning,rtwinningqm,rtwinningqm@house.gov,Blackfeet,VP Sales,9/7/2017,Oyoyo
Michale Spensley,mspensleyqn,mspensleyqn@senate.gov,South American,Physical Therapy Assistant,10/25/2005,Shuffletag
Consuelo Deveril,cdeverilqo,cdeverilqo@ocn.ne.jp,Yuman,Clinical Specialist,9/26/2014,Jabbersphere
Darlene Hembry,dhembryqp,dhembryqp@ask.com,Seminole,Business Systems Development Analyst,8/6/2016,Einti
Chan Geffen,cgeffenqq,cgeffenqq@hugedomains.com,Native Hawaiian,Recruiting Manager,9/20/2014,Browsezoom
Fred Maruszewski,fmaruszewskiqr,fmaruszewskiqr@google.com.br,Tohono O'Odham,Administrative Officer,12/1/2017,Realpoint
Dode Ongin,donginqs,donginqs@time.com,Polynesian,Graphic Designer,6/27/2001,Jaxspan
Claudette Scardafield,cscardafieldqt,cscardafieldqt@pcworld.com,Sioux,Design Engineer,1/6/2002,Yakidoo
Dulcia Davage,ddavagequ,ddavagequ@nps.gov,Pima,Assistant Manager,12/15/2009,Riffpath
Conway Kingsnorth,ckingsnorthqv,ckingsnorthqv@unesco.org,Guamanian,Accountant II,2/11/2016,Eadel
Carmelina Baguley,cbaguleyqw,cbaguleyqw@wisc.edu,Kiowa,Operator,2/18/2009,Demizz
Leonhard Tilby,ltilbyqx,ltilbyqx@hhs.gov,Laotian,Geologist I,4/23/2003,Eabox
Nikolos Grainge,ngraingeqy,ngraingeqy@apache.org,Puerto Rican,Geological Engineer,2/8/2000,Voonder
Arlinda Simants,asimantsqz,asimantsqz@shareasale.com,Ute,Assistant Media Planner,1/19/2010,Brightdog
Lynn McCaughren,lmccaughrenr0,lmccaughrenr0@addtoany.com,Indonesian,Senior Cost Accountant,4/7/2018,Yambee
Katusha Crowch,kcrowchr1,kcrowchr1@comcast.net,Japanese,Programmer Analyst I,1/4/2010,Nlounge
Guenna Baseley,gbaseleyr2,gbaseleyr2@google.com.au,Bangladeshi,Graphic Designer,6/2/2012,Minyx
Leora Swaffer,lswafferr3,lswafferr3@freewebs.com,Cherokee,Web Designer I,6/8/2010,Skyble
Caryl Koppel,ckoppelr4,ckoppelr4@xing.com,Navajo,Database Administrator III,2/8/2018,Blogpad
Jeremy Hadwen,jhadwenr5,jhadwenr5@earthlink.net,Pima,Assistant Media Planner,3/7/2008,Bubblemix
Vidovic Shapter,vshapterr6,vshapterr6@ucoz.ru,Malaysian,Professor,2/23/2010,Zoombeat
Hilary Mumbeson,hmumbesonr7,hmumbesonr7@networkadvertising.org,Cheyenne,Accounting Assistant I,6/13/2014,Devpulse
Iona Kennagh,ikennaghr8,ikennaghr8@usda.gov,Chinese,VP Accounting,8/14/2008,Minyx
Pavia Robker,probkerr9,probkerr9@etsy.com,Osage,Payment Adjustment Coordinator,5/24/2012,Skippad
Eveleen Kopisch,ekopischra,ekopischra@fda.gov,Dominican (Dominican Republic),Technical Writer,5/25/2006,Oyoyo
Vasili Langeley,vlangeleyrb,vlangeleyrb@e-recht24.de,Bolivian,VP Sales,12/21/2000,Shuffletag
Ruprecht Hazelden,rhazeldenrc,rhazeldenrc@google.cn,Chamorro,Clinical Specialist,5/23/2012,Jabbersphere
Jewelle Nacci,jnaccird,jnaccird@latimes.com,Seminole,Mechanical Systems Engineer,5/3/2010,Einti
Kalinda Clubbe,kclubbere,kclubbere@fotki.com,Asian Indian,Actuary,10/18/2009,Browsezoom
Horatius Ellesworth,hellesworthrf,hellesworthrf@ca.gov,Nicaraguan,Internal Auditor,8/28/2004,Realpoint
Rriocard Pavic,rpavicrg,rpavicrg@linkedin.com,Micronesian,Nurse Practicioner,2/13/2013,Jaxspan
Suzi felip,sfeliprh,sfeliprh@mayoclinic.com,Apache,Biostatistician II,2/1/2010,Yakidoo
Brockie Ferrario,bferrariori,bferrariori@e-recht24.de,Colombian,Technical Writer,2/19/2016,Riffpath
Datha Schade,dschaderj,dschaderj@cdc.gov,Cambodian,Structural Engineer,4/8/2006,Eadel
Gray Edeler,gedelerrk,gedelerrk@epa.gov,Guamanian,VP Sales,6/18/2002,Demizz
Bettine Collaton,bcollatonrl,bcollatonrl@canalblog.com,Shoshone,Account Coordinator,10/17/2007,Eabox
Raimundo Doret,rdoretrm,rdoretrm@wisc.edu,Colombian,Database Administrator IV,11/1/2001,Voonder
Jed Camsey,jcamseyrn,jcamseyrn@earthlink.net,Ute,Administrative Officer,7/26/2004,Brightdog
Kelcy Joris,kjorisro,kjorisro@ftc.gov,Venezuelan,Legal Assistant,7/11/2001,Yambee
Kaile Wolver,kwolverrp,kwolverrp@nifty.com,Japanese,Systems Administrator IV,10/29/2001,Nlounge
Ariella Reekie,areekierq,areekierq@sina.com.cn,Chinese,Administrative Assistant IV,1/29/2000,Minyx
Donaugh Allinson,dallinsonrr,dallinsonrr@slideshare.net,Delaware,Geological Engineer,1/27/2015,Skyble
